ISO-10303-21;
HEADER;
FILE_DESCRIPTION(('FreeCAD Model'),'2;1');
FILE_NAME('Open CASCADE Shape Model','2026-06-23T16:19:55',(''),(''),
  'Open CASCADE STEP processor 7.8','FreeCAD','Unknown');
FILE_SCHEMA(('AUTOMOTIVE_DESIGN { 1 0 10303 214 1 1 1 1 }'));
ENDSEC;
DATA;
#1 = APPLICATION_PROTOCOL_DEFINITION('international standard',
  'automotive_design',2000,#2);
#2 = APPLICATION_CONTEXT(
  'core data for automotive mechanical design processes');
#3 = SHAPE_DEFINITION_REPRESENTATION(#4,#10);
#4 = PRODUCT_DEFINITION_SHAPE('','',#5);
#5 = PRODUCT_DEFINITION('design','',#6,#9);
#6 = PRODUCT_DEFINITION_FORMATION('','',#7);
#7 = PRODUCT('MotorsOnFrameHolder','MotorsOnFrameHolder','',(#8));
#8 = PRODUCT_CONTEXT('',#2,'mechanical');
#9 = PRODUCT_DEFINITION_CONTEXT('part definition',#2,'design');
#10 = ADVANCED_BREP_SHAPE_REPRESENTATION('',(#11,#15),#2361);
#11 = AXIS2_PLACEMENT_3D('',#12,#13,#14);
#12 = CARTESIAN_POINT('',(0.,0.,0.));
#13 = DIRECTION('',(0.,0.,1.));
#14 = DIRECTION('',(1.,0.,-0.));
#15 = MANIFOLD_SOLID_BREP('',#16);
#16 = CLOSED_SHELL('',(#17,#57,#88,#127,#265,#489,#514,#538,#562,#586,
    #680,#704,#728,#753,#778,#795,#817,#834,#851,#868,#885,#902,#919,
    #931,#1014,#1038,#1062,#1087,#1112,#1130,#1161,#1185,#1209,#1233,
    #1257,#1274,#1305,#1329,#1353,#1377,#1401,#1418,#1449,#1473,#1497,
    #1521,#1545,#1562,#1579,#1634,#1717,#1767,#1784,#1801,#1818,#1863,
    #1888,#1913,#1938,#1955,#1972,#1989,#2014,#2039,#2064,#2089,#2114,
    #2139,#2164,#2189,#2214,#2239,#2264,#2289,#2301,#2313,#2325,#2337,
    #2349));
#17 = ADVANCED_FACE('',(#18),#52,.T.);
#18 = FACE_BOUND('',#19,.T.);
#19 = EDGE_LOOP('',(#20,#30,#38,#46));
#20 = ORIENTED_EDGE('',*,*,#21,.T.);
#21 = EDGE_CURVE('',#22,#24,#26,.T.);
#22 = VERTEX_POINT('',#23);
#23 = CARTESIAN_POINT('',(-31.21320343559,-53.,0.));
#24 = VERTEX_POINT('',#25);
#25 = CARTESIAN_POINT('',(-31.21320343559,-53.,5.));
#26 = LINE('',#27,#28);
#27 = CARTESIAN_POINT('',(-31.21320343559,-53.,0.));
#28 = VECTOR('',#29,1.);
#29 = DIRECTION('',(0.,0.,1.));
#30 = ORIENTED_EDGE('',*,*,#31,.T.);
#31 = EDGE_CURVE('',#24,#32,#34,.T.);
#32 = VERTEX_POINT('',#33);
#33 = CARTESIAN_POINT('',(-92.21320343559,-53.,5.));
#34 = LINE('',#35,#36);
#35 = CARTESIAN_POINT('',(-31.21320343559,-53.,5.));
#36 = VECTOR('',#37,1.);
#37 = DIRECTION('',(-1.,0.,0.));
#38 = ORIENTED_EDGE('',*,*,#39,.F.);
#39 = EDGE_CURVE('',#40,#32,#42,.T.);
#40 = VERTEX_POINT('',#41);
#41 = CARTESIAN_POINT('',(-92.21320343559,-53.,0.));
#42 = LINE('',#43,#44);
#43 = CARTESIAN_POINT('',(-92.21320343559,-53.,0.));
#44 = VECTOR('',#45,1.);
#45 = DIRECTION('',(0.,0.,1.));
#46 = ORIENTED_EDGE('',*,*,#47,.F.);
#47 = EDGE_CURVE('',#22,#40,#48,.T.);
#48 = LINE('',#49,#50);
#49 = CARTESIAN_POINT('',(-31.21320343559,-53.,0.));
#50 = VECTOR('',#51,1.);
#51 = DIRECTION('',(-1.,0.,0.));
#52 = PLANE('',#53);
#53 = AXIS2_PLACEMENT_3D('',#54,#55,#56);
#54 = CARTESIAN_POINT('',(-31.21320343559,-53.,0.));
#55 = DIRECTION('',(0.,-1.,0.));
#56 = DIRECTION('',(-1.,0.,0.));
#57 = ADVANCED_FACE('',(#58),#83,.F.);
#58 = FACE_BOUND('',#59,.F.);
#59 = EDGE_LOOP('',(#60,#61,#69,#77));
#60 = ORIENTED_EDGE('',*,*,#21,.T.);
#61 = ORIENTED_EDGE('',*,*,#62,.T.);
#62 = EDGE_CURVE('',#24,#63,#65,.T.);
#63 = VERTEX_POINT('',#64);
#64 = CARTESIAN_POINT('',(-1.388579474919,-22.62730030565,5.));
#65 = LINE('',#66,#67);
#66 = CARTESIAN_POINT('',(-31.21320343559,-53.,5.));
#67 = VECTOR('',#68,1.);
#68 = DIRECTION('',(0.700639780363,0.713515170247,0.));
#69 = ORIENTED_EDGE('',*,*,#70,.F.);
#70 = EDGE_CURVE('',#71,#63,#73,.T.);
#71 = VERTEX_POINT('',#72);
#72 = CARTESIAN_POINT('',(-1.388579474919,-22.62730030565,0.));
#73 = LINE('',#74,#75);
#74 = CARTESIAN_POINT('',(-1.388579474919,-22.62730030565,0.));
#75 = VECTOR('',#76,1.);
#76 = DIRECTION('',(0.,0.,1.));
#77 = ORIENTED_EDGE('',*,*,#78,.F.);
#78 = EDGE_CURVE('',#22,#71,#79,.T.);
#79 = LINE('',#80,#81);
#80 = CARTESIAN_POINT('',(-31.21320343559,-53.,0.));
#81 = VECTOR('',#82,1.);
#82 = DIRECTION('',(0.700639780363,0.713515170247,0.));
#83 = PLANE('',#84);
#84 = AXIS2_PLACEMENT_3D('',#85,#86,#87);
#85 = CARTESIAN_POINT('',(-31.21320343559,-53.,0.));
#86 = DIRECTION('',(-0.713515170247,0.700639780363,0.));
#87 = DIRECTION('',(0.700639780363,0.713515170247,0.));
#88 = ADVANCED_FACE('',(#89),#122,.T.);
#89 = FACE_BOUND('',#90,.T.);
#90 = EDGE_LOOP('',(#91,#92,#100,#108,#116));
#91 = ORIENTED_EDGE('',*,*,#39,.T.);
#92 = ORIENTED_EDGE('',*,*,#93,.T.);
#93 = EDGE_CURVE('',#32,#94,#96,.T.);
#94 = VERTEX_POINT('',#95);
#95 = CARTESIAN_POINT('',(-92.21320343559,-48.,5.));
#96 = LINE('',#97,#98);
#97 = CARTESIAN_POINT('',(-92.21320343559,-53.,5.));
#98 = VECTOR('',#99,1.);
#99 = DIRECTION('',(0.,1.,0.));
#100 = ORIENTED_EDGE('',*,*,#101,.T.);
#101 = EDGE_CURVE('',#94,#102,#104,.T.);
#102 = VERTEX_POINT('',#103);
#103 = CARTESIAN_POINT('',(-92.21320343559,53.,5.));
#104 = LINE('',#105,#106);
#105 = CARTESIAN_POINT('',(-92.21320343559,-53.,5.));
#106 = VECTOR('',#107,1.);
#107 = DIRECTION('',(0.,1.,0.));
#108 = ORIENTED_EDGE('',*,*,#109,.F.);
#109 = EDGE_CURVE('',#110,#102,#112,.T.);
#110 = VERTEX_POINT('',#111);
#111 = CARTESIAN_POINT('',(-92.21320343559,53.,0.));
#112 = LINE('',#113,#114);
#113 = CARTESIAN_POINT('',(-92.21320343559,53.,0.));
#114 = VECTOR('',#115,1.);
#115 = DIRECTION('',(0.,0.,1.));
#116 = ORIENTED_EDGE('',*,*,#117,.F.);
#117 = EDGE_CURVE('',#40,#110,#118,.T.);
#118 = LINE('',#119,#120);
#119 = CARTESIAN_POINT('',(-92.21320343559,-53.,0.));
#120 = VECTOR('',#121,1.);
#121 = DIRECTION('',(0.,1.,0.));
#122 = PLANE('',#123);
#123 = AXIS2_PLACEMENT_3D('',#124,#125,#126);
#124 = CARTESIAN_POINT('',(-92.21320343559,-53.,0.));
#125 = DIRECTION('',(-1.,0.,0.));
#126 = DIRECTION('',(0.,1.,0.));
#127 = ADVANCED_FACE('',(#128,#190),#260,.F.);
#128 = FACE_BOUND('',#129,.F.);
#129 = EDGE_LOOP('',(#130,#131,#132,#141,#149,#158,#166,#175,#183,#189)
  );
#130 = ORIENTED_EDGE('',*,*,#47,.F.);
#131 = ORIENTED_EDGE('',*,*,#78,.T.);
#132 = ORIENTED_EDGE('',*,*,#133,.T.);
#133 = EDGE_CURVE('',#71,#134,#136,.T.);
#134 = VERTEX_POINT('',#135);
#135 = CARTESIAN_POINT('',(-1.401396253041,-19.81180718255,0.));
#136 = CIRCLE('',#137,2.);
#137 = AXIS2_PLACEMENT_3D('',#138,#139,#140);
#138 = CARTESIAN_POINT('',(-2.815609815414,-21.22602074492,0.));
#139 = DIRECTION('',(0.,0.,1.));
#140 = DIRECTION('',(1.,0.,0.));
#141 = ORIENTED_EDGE('',*,*,#142,.F.);
#142 = EDGE_CURVE('',#143,#134,#145,.T.);
#143 = VERTEX_POINT('',#144);
#144 = CARTESIAN_POINT('',(-19.79898987322,-1.414213562373,0.));
#145 = LINE('',#146,#147);
#146 = CARTESIAN_POINT('',(-19.79898987322,-1.414213562373,0.));
#147 = VECTOR('',#148,1.);
#148 = DIRECTION('',(0.707106781187,-0.707106781187,0.));
#149 = ORIENTED_EDGE('',*,*,#150,.F.);
#150 = EDGE_CURVE('',#151,#143,#153,.T.);
#151 = VERTEX_POINT('',#152);
#152 = CARTESIAN_POINT('',(-19.79898987322,1.414213562373,0.));
#153 = CIRCLE('',#154,2.);
#154 = AXIS2_PLACEMENT_3D('',#155,#156,#157);
#155 = CARTESIAN_POINT('',(-18.38477631085,-1.605E-13,0.));
#156 = DIRECTION('',(0.,0.,1.));
#157 = DIRECTION('',(1.,0.,0.));
#158 = ORIENTED_EDGE('',*,*,#159,.F.);
#159 = EDGE_CURVE('',#160,#151,#162,.T.);
#160 = VERTEX_POINT('',#161);
#161 = CARTESIAN_POINT('',(-1.401396253041,19.811807182556,0.));
#162 = LINE('',#163,#164);
#163 = CARTESIAN_POINT('',(-1.401396253041,19.811807182556,0.));
#164 = VECTOR('',#165,1.);
#165 = DIRECTION('',(-0.707106781187,-0.707106781187,0.));
#166 = ORIENTED_EDGE('',*,*,#167,.T.);
#167 = EDGE_CURVE('',#160,#168,#170,.T.);
#168 = VERTEX_POINT('',#169);
#169 = CARTESIAN_POINT('',(-1.388579474919,22.627300305654,0.));
#170 = CIRCLE('',#171,2.);
#171 = AXIS2_PLACEMENT_3D('',#172,#173,#174);
#172 = CARTESIAN_POINT('',(-2.815609815414,21.226020744929,0.));
#173 = DIRECTION('',(0.,0.,1.));
#174 = DIRECTION('',(1.,0.,0.));
#175 = ORIENTED_EDGE('',*,*,#176,.F.);
#176 = EDGE_CURVE('',#177,#168,#179,.T.);
#177 = VERTEX_POINT('',#178);
#178 = CARTESIAN_POINT('',(-31.21320343559,53.,0.));
#179 = LINE('',#180,#181);
#180 = CARTESIAN_POINT('',(-31.21320343559,53.,0.));
#181 = VECTOR('',#182,1.);
#182 = DIRECTION('',(0.700639780363,-0.713515170247,0.));
#183 = ORIENTED_EDGE('',*,*,#184,.F.);
#184 = EDGE_CURVE('',#110,#177,#185,.T.);
#185 = LINE('',#186,#187);
#186 = CARTESIAN_POINT('',(-92.21320343559,53.,0.));
#187 = VECTOR('',#188,1.);
#188 = DIRECTION('',(1.,0.,0.));
#189 = ORIENTED_EDGE('',*,*,#117,.F.);
#190 = FACE_BOUND('',#191,.F.);
#191 = EDGE_LOOP('',(#192,#202,#211,#219,#228,#236,#245,#253));
#192 = ORIENTED_EDGE('',*,*,#193,.F.);
#193 = EDGE_CURVE('',#194,#196,#198,.T.);
#194 = VERTEX_POINT('',#195);
#195 = CARTESIAN_POINT('',(-84.21320343559,35.,0.));
#196 = VERTEX_POINT('',#197);
#197 = CARTESIAN_POINT('',(-84.21320343559,-30.,0.));
#198 = LINE('',#199,#200);
#199 = CARTESIAN_POINT('',(-84.21320343559,17.5,0.));
#200 = VECTOR('',#201,1.);
#201 = DIRECTION('',(0.,-1.,0.));
#202 = ORIENTED_EDGE('',*,*,#203,.F.);
#203 = EDGE_CURVE('',#204,#194,#206,.T.);
#204 = VERTEX_POINT('',#205);
#205 = CARTESIAN_POINT('',(-74.21320343559,45.,0.));
#206 = CIRCLE('',#207,10.);
#207 = AXIS2_PLACEMENT_3D('',#208,#209,#210);
#208 = CARTESIAN_POINT('',(-74.21320343559,35.,0.));
#209 = DIRECTION('',(0.,0.,1.));
#210 = DIRECTION('',(1.,0.,-0.));
#211 = ORIENTED_EDGE('',*,*,#212,.F.);
#212 = EDGE_CURVE('',#213,#204,#215,.T.);
#213 = VERTEX_POINT('',#214);
#214 = CARTESIAN_POINT('',(-49.21320343559,45.,0.));
#215 = LINE('',#216,#217);
#216 = CARTESIAN_POINT('',(-50.39356344029,45.,0.));
#217 = VECTOR('',#218,1.);
#218 = DIRECTION('',(-1.,0.,0.));
#219 = ORIENTED_EDGE('',*,*,#220,.F.);
#220 = EDGE_CURVE('',#221,#213,#223,.T.);
#221 = VERTEX_POINT('',#222);
#222 = CARTESIAN_POINT('',(-39.21320343559,35.,0.));
#223 = CIRCLE('',#224,10.);
#224 = AXIS2_PLACEMENT_3D('',#225,#226,#227);
#225 = CARTESIAN_POINT('',(-49.21320343559,35.,0.));
#226 = DIRECTION('',(0.,0.,1.));
#227 = DIRECTION('',(1.,0.,-0.));
#228 = ORIENTED_EDGE('',*,*,#229,.F.);
#229 = EDGE_CURVE('',#230,#221,#232,.T.);
#230 = VERTEX_POINT('',#231);
#231 = CARTESIAN_POINT('',(-39.21320343559,-30.,0.));
#232 = LINE('',#233,#234);
#233 = CARTESIAN_POINT('',(-39.21320343559,-15.,0.));
#234 = VECTOR('',#235,1.);
#235 = DIRECTION('',(0.,1.,0.));
#236 = ORIENTED_EDGE('',*,*,#237,.F.);
#237 = EDGE_CURVE('',#238,#230,#240,.T.);
#238 = VERTEX_POINT('',#239);
#239 = CARTESIAN_POINT('',(-49.21320343559,-40.,0.));
#240 = CIRCLE('',#241,10.);
#241 = AXIS2_PLACEMENT_3D('',#242,#243,#244);
#242 = CARTESIAN_POINT('',(-49.21320343559,-30.,0.));
#243 = DIRECTION('',(0.,0.,1.));
#244 = DIRECTION('',(1.,0.,-0.));
#245 = ORIENTED_EDGE('',*,*,#246,.F.);
#246 = EDGE_CURVE('',#247,#238,#249,.T.);
#247 = VERTEX_POINT('',#248);
#248 = CARTESIAN_POINT('',(-74.21320343559,-40.,0.));
#249 = LINE('',#250,#251);
#250 = CARTESIAN_POINT('',(-62.89356344029,-40.,0.));
#251 = VECTOR('',#252,1.);
#252 = DIRECTION('',(1.,0.,0.));
#253 = ORIENTED_EDGE('',*,*,#254,.F.);
#254 = EDGE_CURVE('',#196,#247,#255,.T.);
#255 = CIRCLE('',#256,10.);
#256 = AXIS2_PLACEMENT_3D('',#257,#258,#259);
#257 = CARTESIAN_POINT('',(-74.21320343559,-30.,0.));
#258 = DIRECTION('',(0.,0.,1.));
#259 = DIRECTION('',(1.,0.,-0.));
#260 = PLANE('',#261);
#261 = AXIS2_PLACEMENT_3D('',#262,#263,#264);
#262 = CARTESIAN_POINT('',(-51.57392344499,2.095E-14,0.));
#263 = DIRECTION('',(0.,0.,1.));
#264 = DIRECTION('',(1.,0.,0.));
#265 = ADVANCED_FACE('',(#266,#334,#384,#434),#484,.F.);
#266 = FACE_BOUND('',#267,.F.);
#267 = EDGE_LOOP('',(#268,#269,#277,#285,#294,#303,#312,#320,#328));
#268 = ORIENTED_EDGE('',*,*,#31,.T.);
#269 = ORIENTED_EDGE('',*,*,#270,.T.);
#270 = EDGE_CURVE('',#32,#271,#273,.T.);
#271 = VERTEX_POINT('',#272);
#272 = CARTESIAN_POINT('',(-92.21320343559,-53.,15.));
#273 = LINE('',#274,#275);
#274 = CARTESIAN_POINT('',(-92.21320343559,-53.,5.));
#275 = VECTOR('',#276,1.);
#276 = DIRECTION('',(0.,0.,1.));
#277 = ORIENTED_EDGE('',*,*,#278,.T.);
#278 = EDGE_CURVE('',#271,#279,#281,.T.);
#279 = VERTEX_POINT('',#280);
#280 = CARTESIAN_POINT('',(-84.55753792165,-53.,22.655665513836));
#281 = LINE('',#282,#283);
#282 = CARTESIAN_POINT('',(-92.21320343559,-53.,15.));
#283 = VECTOR('',#284,1.);
#284 = DIRECTION('',(0.707106781192,0.,0.707106781182));
#285 = ORIENTED_EDGE('',*,*,#286,.F.);
#286 = EDGE_CURVE('',#287,#279,#289,.T.);
#287 = VERTEX_POINT('',#288);
#288 = CARTESIAN_POINT('',(-77.16024389977,-53.,22.29610528624));
#289 = CIRCLE('',#290,5.);
#290 = AXIS2_PLACEMENT_3D('',#291,#292,#293);
#291 = CARTESIAN_POINT('',(-81.02200401582,-53.,19.120131607795));
#292 = DIRECTION('',(0.,-1.,0.));
#293 = DIRECTION('',(1.,0.,0.));
#294 = ORIENTED_EDGE('',*,*,#295,.T.);
#295 = EDGE_CURVE('',#287,#296,#298,.T.);
#296 = VERTEX_POINT('',#297);
#297 = CARTESIAN_POINT('',(-49.00930872189,-53.,50.447040464214));
#298 = CIRCLE('',#299,20.);
#299 = AXIS2_PLACEMENT_3D('',#300,#301,#302);
#300 = CARTESIAN_POINT('',(-61.71320343559,-53.,35.));
#301 = DIRECTION('',(0.,-1.,0.));
#302 = DIRECTION('',(1.,0.,0.));
#303 = ORIENTED_EDGE('',*,*,#304,.F.);
#304 = EDGE_CURVE('',#305,#296,#307,.T.);
#305 = VERTEX_POINT('',#306);
#306 = CARTESIAN_POINT('',(-49.36886894939,-53.,57.8443344862));
#307 = CIRCLE('',#308,5.);
#308 = AXIS2_PLACEMENT_3D('',#309,#310,#311);
#309 = CARTESIAN_POINT('',(-45.83333504346,-53.,54.308800580267));
#310 = DIRECTION('',(0.,-1.,0.));
#311 = DIRECTION('',(1.,0.,0.));
#312 = ORIENTED_EDGE('',*,*,#313,.F.);
#313 = EDGE_CURVE('',#314,#305,#316,.T.);
#314 = VERTEX_POINT('',#315);
#315 = CARTESIAN_POINT('',(-41.21320343559,-53.,66.));
#316 = LINE('',#317,#318);
#317 = CARTESIAN_POINT('',(-41.21320343559,-53.,66.));
#318 = VECTOR('',#319,1.);
#319 = DIRECTION('',(-0.707106781187,-0.,-0.707106781187));
#320 = ORIENTED_EDGE('',*,*,#321,.T.);
#321 = EDGE_CURVE('',#314,#322,#324,.T.);
#322 = VERTEX_POINT('',#323);
#323 = CARTESIAN_POINT('',(-31.21320343559,-53.,66.));
#324 = LINE('',#325,#326);
#325 = CARTESIAN_POINT('',(-92.21320343559,-53.,66.));
#326 = VECTOR('',#327,1.);
#327 = DIRECTION('',(1.,0.,0.));
#328 = ORIENTED_EDGE('',*,*,#329,.F.);
#329 = EDGE_CURVE('',#24,#322,#330,.T.);
#330 = LINE('',#331,#332);
#331 = CARTESIAN_POINT('',(-31.21320343559,-53.,5.));
#332 = VECTOR('',#333,1.);
#333 = DIRECTION('',(0.,0.,1.));
#334 = FACE_BOUND('',#335,.F.);
#335 = EDGE_LOOP('',(#336,#346,#354,#362,#370,#378));
#336 = ORIENTED_EDGE('',*,*,#337,.T.);
#337 = EDGE_CURVE('',#338,#340,#342,.T.);
#338 = VERTEX_POINT('',#339);
#339 = CARTESIAN_POINT('',(-37.46320343559,-53.,63.849186911246));
#340 = VERTEX_POINT('',#341);
#341 = CARTESIAN_POINT('',(-41.01320343559,-53.,61.799593455623));
#342 = LINE('',#343,#344);
#343 = CARTESIAN_POINT('',(-37.46320343559,-53.,63.849186911246));
#344 = VECTOR('',#345,1.);
#345 = DIRECTION('',(-0.866025403784,-0.,-0.5));
#346 = ORIENTED_EDGE('',*,*,#347,.T.);
#347 = EDGE_CURVE('',#340,#348,#350,.T.);
#348 = VERTEX_POINT('',#349);
#349 = CARTESIAN_POINT('',(-41.01320343559,-53.,57.700406544377));
#350 = LINE('',#351,#352);
#351 = CARTESIAN_POINT('',(-41.01320343559,-53.,61.799593455623));
#352 = VECTOR('',#353,1.);
#353 = DIRECTION('',(0.,0.,-1.));
#354 = ORIENTED_EDGE('',*,*,#355,.T.);
#355 = EDGE_CURVE('',#348,#356,#358,.T.);
#356 = VERTEX_POINT('',#357);
#357 = CARTESIAN_POINT('',(-37.46320343559,-53.,55.650813088754));
#358 = LINE('',#359,#360);
#359 = CARTESIAN_POINT('',(-41.01320343559,-53.,57.700406544377));
#360 = VECTOR('',#361,1.);
#361 = DIRECTION('',(0.866025403784,0.,-0.5));
#362 = ORIENTED_EDGE('',*,*,#363,.T.);
#363 = EDGE_CURVE('',#356,#364,#366,.T.);
#364 = VERTEX_POINT('',#365);
#365 = CARTESIAN_POINT('',(-33.91320343559,-53.,57.700406544377));
#366 = LINE('',#367,#368);
#367 = CARTESIAN_POINT('',(-37.46320343559,-53.,55.650813088754));
#368 = VECTOR('',#369,1.);
#369 = DIRECTION('',(0.866025403784,0.,0.5));
#370 = ORIENTED_EDGE('',*,*,#371,.T.);
#371 = EDGE_CURVE('',#364,#372,#374,.T.);
#372 = VERTEX_POINT('',#373);
#373 = CARTESIAN_POINT('',(-33.91320343559,-53.,61.799593455623));
#374 = LINE('',#375,#376);
#375 = CARTESIAN_POINT('',(-33.91320343559,-53.,57.700406544377));
#376 = VECTOR('',#377,1.);
#377 = DIRECTION('',(0.,0.,1.));
#378 = ORIENTED_EDGE('',*,*,#379,.T.);
#379 = EDGE_CURVE('',#372,#338,#380,.T.);
#380 = LINE('',#381,#382);
#381 = CARTESIAN_POINT('',(-33.91320343559,-53.,61.799593455623));
#382 = VECTOR('',#383,1.);
#383 = DIRECTION('',(-0.866025403784,0.,0.5));
#384 = FACE_BOUND('',#385,.F.);
#385 = EDGE_LOOP('',(#386,#396,#404,#412,#420,#428));
#386 = ORIENTED_EDGE('',*,*,#387,.T.);
#387 = EDGE_CURVE('',#388,#390,#392,.T.);
#388 = VERTEX_POINT('',#389);
#389 = CARTESIAN_POINT('',(-82.41320343559,-53.,10.200406544377));
#390 = VERTEX_POINT('',#391);
#391 = CARTESIAN_POINT('',(-82.41320343559,-53.,14.299593455623));
#392 = LINE('',#393,#394);
#393 = CARTESIAN_POINT('',(-82.41320343559,-53.,10.200406544377));
#394 = VECTOR('',#395,1.);
#395 = DIRECTION('',(0.,0.,1.));
#396 = ORIENTED_EDGE('',*,*,#397,.T.);
#397 = EDGE_CURVE('',#390,#398,#400,.T.);
#398 = VERTEX_POINT('',#399);
#399 = CARTESIAN_POINT('',(-85.96320343559,-53.,16.349186911246));
#400 = LINE('',#401,#402);
#401 = CARTESIAN_POINT('',(-82.41320343559,-53.,14.299593455623));
#402 = VECTOR('',#403,1.);
#403 = DIRECTION('',(-0.866025403784,0.,0.5));
#404 = ORIENTED_EDGE('',*,*,#405,.T.);
#405 = EDGE_CURVE('',#398,#406,#408,.T.);
#406 = VERTEX_POINT('',#407);
#407 = CARTESIAN_POINT('',(-89.51320343559,-53.,14.299593455623));
#408 = LINE('',#409,#410);
#409 = CARTESIAN_POINT('',(-85.96320343559,-53.,16.349186911246));
#410 = VECTOR('',#411,1.);
#411 = DIRECTION('',(-0.866025403784,-0.,-0.5));
#412 = ORIENTED_EDGE('',*,*,#413,.T.);
#413 = EDGE_CURVE('',#406,#414,#416,.T.);
#414 = VERTEX_POINT('',#415);
#415 = CARTESIAN_POINT('',(-89.51320343559,-53.,10.200406544377));
#416 = LINE('',#417,#418);
#417 = CARTESIAN_POINT('',(-89.51320343559,-53.,14.299593455623));
#418 = VECTOR('',#419,1.);
#419 = DIRECTION('',(0.,0.,-1.));
#420 = ORIENTED_EDGE('',*,*,#421,.T.);
#421 = EDGE_CURVE('',#414,#422,#424,.T.);
#422 = VERTEX_POINT('',#423);
#423 = CARTESIAN_POINT('',(-85.96320343559,-53.,8.150813088754));
#424 = LINE('',#425,#426);
#425 = CARTESIAN_POINT('',(-89.51320343559,-53.,10.200406544377));
#426 = VECTOR('',#427,1.);
#427 = DIRECTION('',(0.866025403784,0.,-0.5));
#428 = ORIENTED_EDGE('',*,*,#429,.T.);
#429 = EDGE_CURVE('',#422,#388,#430,.T.);
#430 = LINE('',#431,#432);
#431 = CARTESIAN_POINT('',(-85.96320343559,-53.,8.150813088754));
#432 = VECTOR('',#433,1.);
#433 = DIRECTION('',(0.866025403784,0.,0.5));
#434 = FACE_BOUND('',#435,.F.);
#435 = EDGE_LOOP('',(#436,#446,#454,#462,#470,#478));
#436 = ORIENTED_EDGE('',*,*,#437,.T.);
#437 = EDGE_CURVE('',#438,#440,#442,.T.);
#438 = VERTEX_POINT('',#439);
#439 = CARTESIAN_POINT('',(-37.46320343559,-53.,16.349186911247));
#440 = VERTEX_POINT('',#441);
#441 = CARTESIAN_POINT('',(-41.01320343559,-53.,14.299593455623));
#442 = LINE('',#443,#444);
#443 = CARTESIAN_POINT('',(-37.46320343559,-53.,16.349186911247));
#444 = VECTOR('',#445,1.);
#445 = DIRECTION('',(-0.866025403784,-0.,-0.5));
#446 = ORIENTED_EDGE('',*,*,#447,.T.);
#447 = EDGE_CURVE('',#440,#448,#450,.T.);
#448 = VERTEX_POINT('',#449);
#449 = CARTESIAN_POINT('',(-41.01320343559,-53.,10.200406544377));
#450 = LINE('',#451,#452);
#451 = CARTESIAN_POINT('',(-41.01320343559,-53.,14.299593455623));
#452 = VECTOR('',#453,1.);
#453 = DIRECTION('',(0.,0.,-1.));
#454 = ORIENTED_EDGE('',*,*,#455,.T.);
#455 = EDGE_CURVE('',#448,#456,#458,.T.);
#456 = VERTEX_POINT('',#457);
#457 = CARTESIAN_POINT('',(-37.46320343559,-53.,8.150813088753));
#458 = LINE('',#459,#460);
#459 = CARTESIAN_POINT('',(-41.01320343559,-53.,10.200406544377));
#460 = VECTOR('',#461,1.);
#461 = DIRECTION('',(0.866025403784,0.,-0.5));
#462 = ORIENTED_EDGE('',*,*,#463,.T.);
#463 = EDGE_CURVE('',#456,#464,#466,.T.);
#464 = VERTEX_POINT('',#465);
#465 = CARTESIAN_POINT('',(-33.91320343559,-53.,10.200406544376));
#466 = LINE('',#467,#468);
#467 = CARTESIAN_POINT('',(-37.46320343559,-53.,8.150813088753));
#468 = VECTOR('',#469,1.);
#469 = DIRECTION('',(0.866025403784,0.,0.5));
#470 = ORIENTED_EDGE('',*,*,#471,.T.);
#471 = EDGE_CURVE('',#464,#472,#474,.T.);
#472 = VERTEX_POINT('',#473);
#473 = CARTESIAN_POINT('',(-33.91320343559,-53.,14.299593455623));
#474 = LINE('',#475,#476);
#475 = CARTESIAN_POINT('',(-33.91320343559,-53.,10.200406544376));
#476 = VECTOR('',#477,1.);
#477 = DIRECTION('',(2.1667E-13,0.,1.));
#478 = ORIENTED_EDGE('',*,*,#479,.T.);
#479 = EDGE_CURVE('',#472,#438,#480,.T.);
#480 = LINE('',#481,#482);
#481 = CARTESIAN_POINT('',(-33.91320343559,-53.,14.299593455623));
#482 = VECTOR('',#483,1.);
#483 = DIRECTION('',(-0.866025403784,0.,0.5));
#484 = PLANE('',#485);
#485 = AXIS2_PLACEMENT_3D('',#486,#487,#488);
#486 = CARTESIAN_POINT('',(-92.21320343559,-53.,5.));
#487 = DIRECTION('',(0.,1.,0.));
#488 = DIRECTION('',(1.,0.,0.));
#489 = ADVANCED_FACE('',(#490),#509,.T.);
#490 = FACE_BOUND('',#491,.F.);
#491 = EDGE_LOOP('',(#492,#493,#502,#508));
#492 = ORIENTED_EDGE('',*,*,#70,.T.);
#493 = ORIENTED_EDGE('',*,*,#494,.T.);
#494 = EDGE_CURVE('',#63,#495,#497,.T.);
#495 = VERTEX_POINT('',#496);
#496 = CARTESIAN_POINT('',(-1.401396253041,-19.81180718255,5.));
#497 = CIRCLE('',#498,2.);
#498 = AXIS2_PLACEMENT_3D('',#499,#500,#501);
#499 = CARTESIAN_POINT('',(-2.815609815414,-21.22602074492,5.));
#500 = DIRECTION('',(0.,0.,1.));
#501 = DIRECTION('',(1.,0.,0.));
#502 = ORIENTED_EDGE('',*,*,#503,.F.);
#503 = EDGE_CURVE('',#134,#495,#504,.T.);
#504 = LINE('',#505,#506);
#505 = CARTESIAN_POINT('',(-1.401396253041,-19.81180718255,0.));
#506 = VECTOR('',#507,1.);
#507 = DIRECTION('',(0.,0.,1.));
#508 = ORIENTED_EDGE('',*,*,#133,.F.);
#509 = CYLINDRICAL_SURFACE('',#510,2.);
#510 = AXIS2_PLACEMENT_3D('',#511,#512,#513);
#511 = CARTESIAN_POINT('',(-2.815609815414,-21.22602074492,0.));
#512 = DIRECTION('',(-0.,-0.,-1.));
#513 = DIRECTION('',(1.,0.,0.));
#514 = ADVANCED_FACE('',(#515),#533,.F.);
#515 = FACE_BOUND('',#516,.F.);
#516 = EDGE_LOOP('',(#517,#518,#526,#532));
#517 = ORIENTED_EDGE('',*,*,#329,.T.);
#518 = ORIENTED_EDGE('',*,*,#519,.T.);
#519 = EDGE_CURVE('',#322,#520,#522,.T.);
#520 = VERTEX_POINT('',#521);
#521 = CARTESIAN_POINT('',(-1.388579474919,-22.62730030565,66.));
#522 = LINE('',#523,#524);
#523 = CARTESIAN_POINT('',(-31.21320343559,-53.,66.));
#524 = VECTOR('',#525,1.);
#525 = DIRECTION('',(0.700639780363,0.713515170247,0.));
#526 = ORIENTED_EDGE('',*,*,#527,.F.);
#527 = EDGE_CURVE('',#63,#520,#528,.T.);
#528 = LINE('',#529,#530);
#529 = CARTESIAN_POINT('',(-1.388579474919,-22.62730030565,5.));
#530 = VECTOR('',#531,1.);
#531 = DIRECTION('',(0.,0.,1.));
#532 = ORIENTED_EDGE('',*,*,#62,.F.);
#533 = PLANE('',#534);
#534 = AXIS2_PLACEMENT_3D('',#535,#536,#537);
#535 = CARTESIAN_POINT('',(-31.21320343559,-53.,5.));
#536 = DIRECTION('',(-0.713515170247,0.700639780363,0.));
#537 = DIRECTION('',(0.700639780363,0.713515170247,0.));
#538 = ADVANCED_FACE('',(#539),#557,.T.);
#539 = FACE_BOUND('',#540,.T.);
#540 = EDGE_LOOP('',(#541,#542,#550,#556));
#541 = ORIENTED_EDGE('',*,*,#109,.T.);
#542 = ORIENTED_EDGE('',*,*,#543,.T.);
#543 = EDGE_CURVE('',#102,#544,#546,.T.);
#544 = VERTEX_POINT('',#545);
#545 = CARTESIAN_POINT('',(-31.21320343559,53.,5.));
#546 = LINE('',#547,#548);
#547 = CARTESIAN_POINT('',(-92.21320343559,53.,5.));
#548 = VECTOR('',#549,1.);
#549 = DIRECTION('',(1.,0.,0.));
#550 = ORIENTED_EDGE('',*,*,#551,.F.);
#551 = EDGE_CURVE('',#177,#544,#552,.T.);
#552 = LINE('',#553,#554);
#553 = CARTESIAN_POINT('',(-31.21320343559,53.,0.));
#554 = VECTOR('',#555,1.);
#555 = DIRECTION('',(0.,0.,1.));
#556 = ORIENTED_EDGE('',*,*,#184,.F.);
#557 = PLANE('',#558);
#558 = AXIS2_PLACEMENT_3D('',#559,#560,#561);
#559 = CARTESIAN_POINT('',(-92.21320343559,53.,0.));
#560 = DIRECTION('',(0.,1.,0.));
#561 = DIRECTION('',(1.,0.,0.));
#562 = ADVANCED_FACE('',(#563),#581,.F.);
#563 = FACE_BOUND('',#564,.F.);
#564 = EDGE_LOOP('',(#565,#566,#574,#580));
#565 = ORIENTED_EDGE('',*,*,#93,.T.);
#566 = ORIENTED_EDGE('',*,*,#567,.T.);
#567 = EDGE_CURVE('',#94,#568,#570,.T.);
#568 = VERTEX_POINT('',#569);
#569 = CARTESIAN_POINT('',(-92.21320343559,-48.,15.));
#570 = LINE('',#571,#572);
#571 = CARTESIAN_POINT('',(-92.21320343559,-48.,5.));
#572 = VECTOR('',#573,1.);
#573 = DIRECTION('',(0.,0.,1.));
#574 = ORIENTED_EDGE('',*,*,#575,.F.);
#575 = EDGE_CURVE('',#271,#568,#576,.T.);
#576 = LINE('',#577,#578);
#577 = CARTESIAN_POINT('',(-92.21320343559,-53.,15.));
#578 = VECTOR('',#579,1.);
#579 = DIRECTION('',(0.,1.,-2.2E-16));
#580 = ORIENTED_EDGE('',*,*,#270,.F.);
#581 = PLANE('',#582);
#582 = AXIS2_PLACEMENT_3D('',#583,#584,#585);
#583 = CARTESIAN_POINT('',(-92.21320343559,-48.,5.));
#584 = DIRECTION('',(1.,0.,0.));
#585 = DIRECTION('',(0.,-1.,0.));
#586 = ADVANCED_FACE('',(#587,#605),#675,.T.);
#587 = FACE_BOUND('',#588,.T.);
#588 = EDGE_LOOP('',(#589,#590,#598,#604));
#589 = ORIENTED_EDGE('',*,*,#101,.F.);
#590 = ORIENTED_EDGE('',*,*,#591,.F.);
#591 = EDGE_CURVE('',#592,#94,#594,.T.);
#592 = VERTEX_POINT('',#593);
#593 = CARTESIAN_POINT('',(-31.21320343559,-48.,5.));
#594 = LINE('',#595,#596);
#595 = CARTESIAN_POINT('',(-31.21320343559,-48.,5.));
#596 = VECTOR('',#597,1.);
#597 = DIRECTION('',(-1.,0.,0.));
#598 = ORIENTED_EDGE('',*,*,#599,.F.);
#599 = EDGE_CURVE('',#544,#592,#600,.T.);
#600 = LINE('',#601,#602);
#601 = CARTESIAN_POINT('',(-31.21320343559,53.,5.));
#602 = VECTOR('',#603,1.);
#603 = DIRECTION('',(0.,-1.,0.));
#604 = ORIENTED_EDGE('',*,*,#543,.F.);
#605 = FACE_BOUND('',#606,.T.);
#606 = EDGE_LOOP('',(#607,#617,#626,#634,#643,#651,#660,#668));
#607 = ORIENTED_EDGE('',*,*,#608,.F.);
#608 = EDGE_CURVE('',#609,#611,#613,.T.);
#609 = VERTEX_POINT('',#610);
#610 = CARTESIAN_POINT('',(-84.21320343559,35.,5.));
#611 = VERTEX_POINT('',#612);
#612 = CARTESIAN_POINT('',(-84.21320343559,-30.,5.));
#613 = LINE('',#614,#615);
#614 = CARTESIAN_POINT('',(-84.21320343559,35.,5.));
#615 = VECTOR('',#616,1.);
#616 = DIRECTION('',(0.,-1.,0.));
#617 = ORIENTED_EDGE('',*,*,#618,.F.);
#618 = EDGE_CURVE('',#619,#609,#621,.T.);
#619 = VERTEX_POINT('',#620);
#620 = CARTESIAN_POINT('',(-74.21320343559,45.,5.));
#621 = CIRCLE('',#622,10.);
#622 = AXIS2_PLACEMENT_3D('',#623,#624,#625);
#623 = CARTESIAN_POINT('',(-74.21320343559,35.,5.));
#624 = DIRECTION('',(0.,0.,1.));
#625 = DIRECTION('',(1.,0.,0.));
#626 = ORIENTED_EDGE('',*,*,#627,.F.);
#627 = EDGE_CURVE('',#628,#619,#630,.T.);
#628 = VERTEX_POINT('',#629);
#629 = CARTESIAN_POINT('',(-49.21320343559,45.,5.));
#630 = LINE('',#631,#632);
#631 = CARTESIAN_POINT('',(-49.21320343559,45.,5.));
#632 = VECTOR('',#633,1.);
#633 = DIRECTION('',(-1.,0.,0.));
#634 = ORIENTED_EDGE('',*,*,#635,.F.);
#635 = EDGE_CURVE('',#636,#628,#638,.T.);
#636 = VERTEX_POINT('',#637);
#637 = CARTESIAN_POINT('',(-39.21320343559,35.,5.));
#638 = CIRCLE('',#639,10.);
#639 = AXIS2_PLACEMENT_3D('',#640,#641,#642);
#640 = CARTESIAN_POINT('',(-49.21320343559,35.,5.));
#641 = DIRECTION('',(0.,0.,1.));
#642 = DIRECTION('',(1.,0.,0.));
#643 = ORIENTED_EDGE('',*,*,#644,.F.);
#644 = EDGE_CURVE('',#645,#636,#647,.T.);
#645 = VERTEX_POINT('',#646);
#646 = CARTESIAN_POINT('',(-39.21320343559,-30.,5.));
#647 = LINE('',#648,#649);
#648 = CARTESIAN_POINT('',(-39.21320343559,-30.,5.));
#649 = VECTOR('',#650,1.);
#650 = DIRECTION('',(0.,1.,0.));
#651 = ORIENTED_EDGE('',*,*,#652,.F.);
#652 = EDGE_CURVE('',#653,#645,#655,.T.);
#653 = VERTEX_POINT('',#654);
#654 = CARTESIAN_POINT('',(-49.21320343559,-40.,5.));
#655 = CIRCLE('',#656,10.);
#656 = AXIS2_PLACEMENT_3D('',#657,#658,#659);
#657 = CARTESIAN_POINT('',(-49.21320343559,-30.,5.));
#658 = DIRECTION('',(0.,0.,1.));
#659 = DIRECTION('',(1.,0.,0.));
#660 = ORIENTED_EDGE('',*,*,#661,.F.);
#661 = EDGE_CURVE('',#662,#653,#664,.T.);
#662 = VERTEX_POINT('',#663);
#663 = CARTESIAN_POINT('',(-74.21320343559,-40.,5.));
#664 = LINE('',#665,#666);
#665 = CARTESIAN_POINT('',(-74.21320343559,-40.,5.));
#666 = VECTOR('',#667,1.);
#667 = DIRECTION('',(1.,0.,0.));
#668 = ORIENTED_EDGE('',*,*,#669,.F.);
#669 = EDGE_CURVE('',#611,#662,#670,.T.);
#670 = CIRCLE('',#671,10.);
#671 = AXIS2_PLACEMENT_3D('',#672,#673,#674);
#672 = CARTESIAN_POINT('',(-74.21320343559,-30.,5.));
#673 = DIRECTION('',(0.,0.,1.));
#674 = DIRECTION('',(1.,0.,0.));
#675 = PLANE('',#676);
#676 = AXIS2_PLACEMENT_3D('',#677,#678,#679);
#677 = CARTESIAN_POINT('',(-51.57392344499,2.095E-14,5.));
#678 = DIRECTION('',(0.,0.,1.));
#679 = DIRECTION('',(1.,0.,0.));
#680 = ADVANCED_FACE('',(#681),#699,.T.);
#681 = FACE_BOUND('',#682,.T.);
#682 = EDGE_LOOP('',(#683,#691,#697,#698));
#683 = ORIENTED_EDGE('',*,*,#684,.T.);
#684 = EDGE_CURVE('',#143,#685,#687,.T.);
#685 = VERTEX_POINT('',#686);
#686 = CARTESIAN_POINT('',(-19.79898987322,-1.414213562373,5.));
#687 = LINE('',#688,#689);
#688 = CARTESIAN_POINT('',(-19.79898987322,-1.414213562373,0.));
#689 = VECTOR('',#690,1.);
#690 = DIRECTION('',(0.,0.,1.));
#691 = ORIENTED_EDGE('',*,*,#692,.T.);
#692 = EDGE_CURVE('',#685,#495,#693,.T.);
#693 = LINE('',#694,#695);
#694 = CARTESIAN_POINT('',(-19.79898987322,-1.414213562373,5.));
#695 = VECTOR('',#696,1.);
#696 = DIRECTION('',(0.707106781187,-0.707106781187,0.));
#697 = ORIENTED_EDGE('',*,*,#503,.F.);
#698 = ORIENTED_EDGE('',*,*,#142,.F.);
#699 = PLANE('',#700);
#700 = AXIS2_PLACEMENT_3D('',#701,#702,#703);
#701 = CARTESIAN_POINT('',(-19.79898987322,-1.414213562373,0.));
#702 = DIRECTION('',(0.707106781187,0.707106781187,0.));
#703 = DIRECTION('',(0.707106781187,-0.707106781187,0.));
#704 = ADVANCED_FACE('',(#705),#723,.T.);
#705 = FACE_BOUND('',#706,.T.);
#706 = EDGE_LOOP('',(#707,#708,#716,#722));
#707 = ORIENTED_EDGE('',*,*,#551,.T.);
#708 = ORIENTED_EDGE('',*,*,#709,.T.);
#709 = EDGE_CURVE('',#544,#710,#712,.T.);
#710 = VERTEX_POINT('',#711);
#711 = CARTESIAN_POINT('',(-1.388579474919,22.627300305654,5.));
#712 = LINE('',#713,#714);
#713 = CARTESIAN_POINT('',(-31.21320343559,53.,5.));
#714 = VECTOR('',#715,1.);
#715 = DIRECTION('',(0.700639780363,-0.713515170247,0.));
#716 = ORIENTED_EDGE('',*,*,#717,.F.);
#717 = EDGE_CURVE('',#168,#710,#718,.T.);
#718 = LINE('',#719,#720);
#719 = CARTESIAN_POINT('',(-1.388579474919,22.627300305654,0.));
#720 = VECTOR('',#721,1.);
#721 = DIRECTION('',(0.,0.,1.));
#722 = ORIENTED_EDGE('',*,*,#176,.F.);
#723 = PLANE('',#724);
#724 = AXIS2_PLACEMENT_3D('',#725,#726,#727);
#725 = CARTESIAN_POINT('',(-31.21320343559,53.,0.));
#726 = DIRECTION('',(0.713515170247,0.700639780363,0.));
#727 = DIRECTION('',(0.700639780363,-0.713515170247,0.));
#728 = ADVANCED_FACE('',(#729),#748,.F.);
#729 = FACE_BOUND('',#730,.T.);
#730 = EDGE_LOOP('',(#731,#739,#746,#747));
#731 = ORIENTED_EDGE('',*,*,#732,.T.);
#732 = EDGE_CURVE('',#151,#733,#735,.T.);
#733 = VERTEX_POINT('',#734);
#734 = CARTESIAN_POINT('',(-19.79898987322,1.414213562373,5.));
#735 = LINE('',#736,#737);
#736 = CARTESIAN_POINT('',(-19.79898987322,1.414213562373,0.));
#737 = VECTOR('',#738,1.);
#738 = DIRECTION('',(0.,0.,1.));
#739 = ORIENTED_EDGE('',*,*,#740,.T.);
#740 = EDGE_CURVE('',#733,#685,#741,.T.);
#741 = CIRCLE('',#742,2.);
#742 = AXIS2_PLACEMENT_3D('',#743,#744,#745);
#743 = CARTESIAN_POINT('',(-18.38477631085,-1.605E-13,5.));
#744 = DIRECTION('',(0.,0.,1.));
#745 = DIRECTION('',(1.,0.,0.));
#746 = ORIENTED_EDGE('',*,*,#684,.F.);
#747 = ORIENTED_EDGE('',*,*,#150,.F.);
#748 = CYLINDRICAL_SURFACE('',#749,2.);
#749 = AXIS2_PLACEMENT_3D('',#750,#751,#752);
#750 = CARTESIAN_POINT('',(-18.38477631085,-1.605E-13,0.));
#751 = DIRECTION('',(-0.,-0.,-1.));
#752 = DIRECTION('',(1.,0.,0.));
#753 = ADVANCED_FACE('',(#754),#773,.T.);
#754 = FACE_BOUND('',#755,.F.);
#755 = EDGE_LOOP('',(#756,#764,#771,#772));
#756 = ORIENTED_EDGE('',*,*,#757,.T.);
#757 = EDGE_CURVE('',#160,#758,#760,.T.);
#758 = VERTEX_POINT('',#759);
#759 = CARTESIAN_POINT('',(-1.401396253041,19.811807182556,5.));
#760 = LINE('',#761,#762);
#761 = CARTESIAN_POINT('',(-1.401396253041,19.811807182556,0.));
#762 = VECTOR('',#763,1.);
#763 = DIRECTION('',(0.,0.,1.));
#764 = ORIENTED_EDGE('',*,*,#765,.T.);
#765 = EDGE_CURVE('',#758,#710,#766,.T.);
#766 = CIRCLE('',#767,2.);
#767 = AXIS2_PLACEMENT_3D('',#768,#769,#770);
#768 = CARTESIAN_POINT('',(-2.815609815414,21.226020744929,5.));
#769 = DIRECTION('',(0.,0.,1.));
#770 = DIRECTION('',(1.,0.,0.));
#771 = ORIENTED_EDGE('',*,*,#717,.F.);
#772 = ORIENTED_EDGE('',*,*,#167,.F.);
#773 = CYLINDRICAL_SURFACE('',#774,2.);
#774 = AXIS2_PLACEMENT_3D('',#775,#776,#777);
#775 = CARTESIAN_POINT('',(-2.815609815414,21.226020744929,0.));
#776 = DIRECTION('',(-0.,-0.,-1.));
#777 = DIRECTION('',(1.,0.,0.));
#778 = ADVANCED_FACE('',(#779),#790,.T.);
#779 = FACE_BOUND('',#780,.T.);
#780 = EDGE_LOOP('',(#781,#782,#788,#789));
#781 = ORIENTED_EDGE('',*,*,#757,.T.);
#782 = ORIENTED_EDGE('',*,*,#783,.T.);
#783 = EDGE_CURVE('',#758,#733,#784,.T.);
#784 = LINE('',#785,#786);
#785 = CARTESIAN_POINT('',(-1.401396253041,19.811807182556,5.));
#786 = VECTOR('',#787,1.);
#787 = DIRECTION('',(-0.707106781187,-0.707106781187,0.));
#788 = ORIENTED_EDGE('',*,*,#732,.F.);
#789 = ORIENTED_EDGE('',*,*,#159,.F.);
#790 = PLANE('',#791);
#791 = AXIS2_PLACEMENT_3D('',#792,#793,#794);
#792 = CARTESIAN_POINT('',(-1.401396253041,19.811807182556,0.));
#793 = DIRECTION('',(0.707106781187,-0.707106781187,0.));
#794 = DIRECTION('',(-0.707106781187,-0.707106781187,0.));
#795 = ADVANCED_FACE('',(#796),#812,.F.);
#796 = FACE_BOUND('',#797,.F.);
#797 = EDGE_LOOP('',(#798,#799,#805,#806));
#798 = ORIENTED_EDGE('',*,*,#608,.F.);
#799 = ORIENTED_EDGE('',*,*,#800,.T.);
#800 = EDGE_CURVE('',#609,#194,#801,.T.);
#801 = LINE('',#802,#803);
#802 = CARTESIAN_POINT('',(-84.21320343559,35.,5.));
#803 = VECTOR('',#804,1.);
#804 = DIRECTION('',(-0.,-0.,-1.));
#805 = ORIENTED_EDGE('',*,*,#193,.T.);
#806 = ORIENTED_EDGE('',*,*,#807,.F.);
#807 = EDGE_CURVE('',#611,#196,#808,.T.);
#808 = LINE('',#809,#810);
#809 = CARTESIAN_POINT('',(-84.21320343559,-30.,5.));
#810 = VECTOR('',#811,1.);
#811 = DIRECTION('',(-0.,-0.,-1.));
#812 = PLANE('',#813);
#813 = AXIS2_PLACEMENT_3D('',#814,#815,#816);
#814 = CARTESIAN_POINT('',(-84.21320343559,35.,5.));
#815 = DIRECTION('',(-1.,0.,0.));
#816 = DIRECTION('',(0.,-1.,0.));
#817 = ADVANCED_FACE('',(#818),#829,.F.);
#818 = FACE_BOUND('',#819,.F.);
#819 = EDGE_LOOP('',(#820,#821,#822,#823));
#820 = ORIENTED_EDGE('',*,*,#669,.F.);
#821 = ORIENTED_EDGE('',*,*,#807,.T.);
#822 = ORIENTED_EDGE('',*,*,#254,.T.);
#823 = ORIENTED_EDGE('',*,*,#824,.F.);
#824 = EDGE_CURVE('',#662,#247,#825,.T.);
#825 = LINE('',#826,#827);
#826 = CARTESIAN_POINT('',(-74.21320343559,-40.,5.));
#827 = VECTOR('',#828,1.);
#828 = DIRECTION('',(-0.,-0.,-1.));
#829 = CYLINDRICAL_SURFACE('',#830,10.);
#830 = AXIS2_PLACEMENT_3D('',#831,#832,#833);
#831 = CARTESIAN_POINT('',(-74.21320343559,-30.,5.));
#832 = DIRECTION('',(0.,0.,1.));
#833 = DIRECTION('',(1.,0.,-0.));
#834 = ADVANCED_FACE('',(#835),#846,.F.);
#835 = FACE_BOUND('',#836,.F.);
#836 = EDGE_LOOP('',(#837,#838,#839,#840));
#837 = ORIENTED_EDGE('',*,*,#661,.F.);
#838 = ORIENTED_EDGE('',*,*,#824,.T.);
#839 = ORIENTED_EDGE('',*,*,#246,.T.);
#840 = ORIENTED_EDGE('',*,*,#841,.F.);
#841 = EDGE_CURVE('',#653,#238,#842,.T.);
#842 = LINE('',#843,#844);
#843 = CARTESIAN_POINT('',(-49.21320343559,-40.,5.));
#844 = VECTOR('',#845,1.);
#845 = DIRECTION('',(-0.,-0.,-1.));
#846 = PLANE('',#847);
#847 = AXIS2_PLACEMENT_3D('',#848,#849,#850);
#848 = CARTESIAN_POINT('',(-74.21320343559,-40.,5.));
#849 = DIRECTION('',(0.,-1.,0.));
#850 = DIRECTION('',(1.,0.,0.));
#851 = ADVANCED_FACE('',(#852),#863,.F.);
#852 = FACE_BOUND('',#853,.F.);
#853 = EDGE_LOOP('',(#854,#855,#856,#857));
#854 = ORIENTED_EDGE('',*,*,#652,.F.);
#855 = ORIENTED_EDGE('',*,*,#841,.T.);
#856 = ORIENTED_EDGE('',*,*,#237,.T.);
#857 = ORIENTED_EDGE('',*,*,#858,.F.);
#858 = EDGE_CURVE('',#645,#230,#859,.T.);
#859 = LINE('',#860,#861);
#860 = CARTESIAN_POINT('',(-39.21320343559,-30.,5.));
#861 = VECTOR('',#862,1.);
#862 = DIRECTION('',(-0.,-0.,-1.));
#863 = CYLINDRICAL_SURFACE('',#864,10.);
#864 = AXIS2_PLACEMENT_3D('',#865,#866,#867);
#865 = CARTESIAN_POINT('',(-49.21320343559,-30.,5.));
#866 = DIRECTION('',(0.,0.,1.));
#867 = DIRECTION('',(1.,0.,-0.));
#868 = ADVANCED_FACE('',(#869),#880,.F.);
#869 = FACE_BOUND('',#870,.F.);
#870 = EDGE_LOOP('',(#871,#872,#873,#874));
#871 = ORIENTED_EDGE('',*,*,#644,.F.);
#872 = ORIENTED_EDGE('',*,*,#858,.T.);
#873 = ORIENTED_EDGE('',*,*,#229,.T.);
#874 = ORIENTED_EDGE('',*,*,#875,.F.);
#875 = EDGE_CURVE('',#636,#221,#876,.T.);
#876 = LINE('',#877,#878);
#877 = CARTESIAN_POINT('',(-39.21320343559,35.,5.));
#878 = VECTOR('',#879,1.);
#879 = DIRECTION('',(-0.,-0.,-1.));
#880 = PLANE('',#881);
#881 = AXIS2_PLACEMENT_3D('',#882,#883,#884);
#882 = CARTESIAN_POINT('',(-39.21320343559,-30.,5.));
#883 = DIRECTION('',(1.,0.,0.));
#884 = DIRECTION('',(-0.,1.,0.));
#885 = ADVANCED_FACE('',(#886),#897,.F.);
#886 = FACE_BOUND('',#887,.F.);
#887 = EDGE_LOOP('',(#888,#889,#890,#891));
#888 = ORIENTED_EDGE('',*,*,#635,.F.);
#889 = ORIENTED_EDGE('',*,*,#875,.T.);
#890 = ORIENTED_EDGE('',*,*,#220,.T.);
#891 = ORIENTED_EDGE('',*,*,#892,.F.);
#892 = EDGE_CURVE('',#628,#213,#893,.T.);
#893 = LINE('',#894,#895);
#894 = CARTESIAN_POINT('',(-49.21320343559,45.,5.));
#895 = VECTOR('',#896,1.);
#896 = DIRECTION('',(-0.,-0.,-1.));
#897 = CYLINDRICAL_SURFACE('',#898,10.);
#898 = AXIS2_PLACEMENT_3D('',#899,#900,#901);
#899 = CARTESIAN_POINT('',(-49.21320343559,35.,5.));
#900 = DIRECTION('',(0.,0.,1.));
#901 = DIRECTION('',(1.,0.,-0.));
#902 = ADVANCED_FACE('',(#903),#914,.F.);
#903 = FACE_BOUND('',#904,.F.);
#904 = EDGE_LOOP('',(#905,#906,#907,#908));
#905 = ORIENTED_EDGE('',*,*,#627,.F.);
#906 = ORIENTED_EDGE('',*,*,#892,.T.);
#907 = ORIENTED_EDGE('',*,*,#212,.T.);
#908 = ORIENTED_EDGE('',*,*,#909,.F.);
#909 = EDGE_CURVE('',#619,#204,#910,.T.);
#910 = LINE('',#911,#912);
#911 = CARTESIAN_POINT('',(-74.21320343559,45.,5.));
#912 = VECTOR('',#913,1.);
#913 = DIRECTION('',(-0.,-0.,-1.));
#914 = PLANE('',#915);
#915 = AXIS2_PLACEMENT_3D('',#916,#917,#918);
#916 = CARTESIAN_POINT('',(-49.21320343559,45.,5.));
#917 = DIRECTION('',(0.,1.,0.));
#918 = DIRECTION('',(-1.,0.,0.));
#919 = ADVANCED_FACE('',(#920),#926,.F.);
#920 = FACE_BOUND('',#921,.F.);
#921 = EDGE_LOOP('',(#922,#923,#924,#925));
#922 = ORIENTED_EDGE('',*,*,#618,.F.);
#923 = ORIENTED_EDGE('',*,*,#909,.T.);
#924 = ORIENTED_EDGE('',*,*,#203,.T.);
#925 = ORIENTED_EDGE('',*,*,#800,.F.);
#926 = CYLINDRICAL_SURFACE('',#927,10.);
#927 = AXIS2_PLACEMENT_3D('',#928,#929,#930);
#928 = CARTESIAN_POINT('',(-74.21320343559,35.,5.));
#929 = DIRECTION('',(0.,0.,1.));
#930 = DIRECTION('',(1.,0.,-0.));
#931 = ADVANCED_FACE('',(#932),#1009,.T.);
#932 = FACE_BOUND('',#933,.T.);
#933 = EDGE_LOOP('',(#934,#944,#953,#961,#969,#977,#983,#984,#985,#994,
    #1002));
#934 = ORIENTED_EDGE('',*,*,#935,.F.);
#935 = EDGE_CURVE('',#936,#938,#940,.T.);
#936 = VERTEX_POINT('',#937);
#937 = CARTESIAN_POINT('',(-1.401396253041,19.811807182556,66.));
#938 = VERTEX_POINT('',#939);
#939 = CARTESIAN_POINT('',(-19.79898987322,1.414213562373,66.));
#940 = LINE('',#941,#942);
#941 = CARTESIAN_POINT('',(-1.401396253041,19.811807182556,66.));
#942 = VECTOR('',#943,1.);
#943 = DIRECTION('',(-0.707106781187,-0.707106781187,0.));
#944 = ORIENTED_EDGE('',*,*,#945,.T.);
#945 = EDGE_CURVE('',#936,#946,#948,.T.);
#946 = VERTEX_POINT('',#947);
#947 = CARTESIAN_POINT('',(-1.388579474919,22.627300305654,66.));
#948 = CIRCLE('',#949,2.);
#949 = AXIS2_PLACEMENT_3D('',#950,#951,#952);
#950 = CARTESIAN_POINT('',(-2.815609815414,21.226020744929,66.));
#951 = DIRECTION('',(0.,0.,1.));
#952 = DIRECTION('',(1.,0.,0.));
#953 = ORIENTED_EDGE('',*,*,#954,.T.);
#954 = EDGE_CURVE('',#946,#955,#957,.T.);
#955 = VERTEX_POINT('',#956);
#956 = CARTESIAN_POINT('',(-31.21320343559,53.,66.));
#957 = LINE('',#958,#959);
#958 = CARTESIAN_POINT('',(-1.388579474919,22.627300305654,66.));
#959 = VECTOR('',#960,1.);
#960 = DIRECTION('',(-0.700639780363,0.713515170247,0.));
#961 = ORIENTED_EDGE('',*,*,#962,.T.);
#962 = EDGE_CURVE('',#955,#963,#965,.T.);
#963 = VERTEX_POINT('',#964);
#964 = CARTESIAN_POINT('',(-31.21320343559,-48.,66.));
#965 = LINE('',#966,#967);
#966 = CARTESIAN_POINT('',(-31.21320343559,53.,66.));
#967 = VECTOR('',#968,1.);
#968 = DIRECTION('',(0.,-1.,0.));
#969 = ORIENTED_EDGE('',*,*,#970,.T.);
#970 = EDGE_CURVE('',#963,#971,#973,.T.);
#971 = VERTEX_POINT('',#972);
#972 = CARTESIAN_POINT('',(-41.21320343559,-48.,66.));
#973 = LINE('',#974,#975);
#974 = CARTESIAN_POINT('',(-31.21320343559,-48.,66.));
#975 = VECTOR('',#976,1.);
#976 = DIRECTION('',(-1.,0.,0.));
#977 = ORIENTED_EDGE('',*,*,#978,.F.);
#978 = EDGE_CURVE('',#314,#971,#979,.T.);
#979 = LINE('',#980,#981);
#980 = CARTESIAN_POINT('',(-41.21320343559,-53.,66.));
#981 = VECTOR('',#982,1.);
#982 = DIRECTION('',(0.,1.,-2.2E-16));
#983 = ORIENTED_EDGE('',*,*,#321,.T.);
#984 = ORIENTED_EDGE('',*,*,#519,.T.);
#985 = ORIENTED_EDGE('',*,*,#986,.T.);
#986 = EDGE_CURVE('',#520,#987,#989,.T.);
#987 = VERTEX_POINT('',#988);
#988 = CARTESIAN_POINT('',(-1.401396253041,-19.81180718255,66.));
#989 = CIRCLE('',#990,2.);
#990 = AXIS2_PLACEMENT_3D('',#991,#992,#993);
#991 = CARTESIAN_POINT('',(-2.815609815414,-21.22602074492,66.));
#992 = DIRECTION('',(0.,0.,1.));
#993 = DIRECTION('',(1.,0.,0.));
#994 = ORIENTED_EDGE('',*,*,#995,.T.);
#995 = EDGE_CURVE('',#987,#996,#998,.T.);
#996 = VERTEX_POINT('',#997);
#997 = CARTESIAN_POINT('',(-19.79898987322,-1.414213562373,66.));
#998 = LINE('',#999,#1000);
#999 = CARTESIAN_POINT('',(-1.401396253041,-19.81180718255,66.));
#1000 = VECTOR('',#1001,1.);
#1001 = DIRECTION('',(-0.707106781187,0.707106781187,0.));
#1002 = ORIENTED_EDGE('',*,*,#1003,.F.);
#1003 = EDGE_CURVE('',#938,#996,#1004,.T.);
#1004 = CIRCLE('',#1005,2.);
#1005 = AXIS2_PLACEMENT_3D('',#1006,#1007,#1008);
#1006 = CARTESIAN_POINT('',(-18.38477631085,-1.58E-13,66.));
#1007 = DIRECTION('',(0.,0.,1.));
#1008 = DIRECTION('',(1.,0.,0.));
#1009 = PLANE('',#1010);
#1010 = AXIS2_PLACEMENT_3D('',#1011,#1012,#1013);
#1011 = CARTESIAN_POINT('',(-35.12063212558,-16.45329131941,66.));
#1012 = DIRECTION('',(0.,0.,1.));
#1013 = DIRECTION('',(1.,0.,0.));
#1014 = ADVANCED_FACE('',(#1015),#1033,.F.);
#1015 = FACE_BOUND('',#1016,.F.);
#1016 = EDGE_LOOP('',(#1017,#1018,#1019,#1027));
#1017 = ORIENTED_EDGE('',*,*,#278,.F.);
#1018 = ORIENTED_EDGE('',*,*,#575,.T.);
#1019 = ORIENTED_EDGE('',*,*,#1020,.T.);
#1020 = EDGE_CURVE('',#568,#1021,#1023,.T.);
#1021 = VERTEX_POINT('',#1022);
#1022 = CARTESIAN_POINT('',(-84.55753792165,-48.,22.655665513836));
#1023 = LINE('',#1024,#1025);
#1024 = CARTESIAN_POINT('',(-79.46320343537,-48.,27.750000000036));
#1025 = VECTOR('',#1026,1.);
#1026 = DIRECTION('',(0.707106781192,0.,0.707106781182));
#1027 = ORIENTED_EDGE('',*,*,#1028,.F.);
#1028 = EDGE_CURVE('',#279,#1021,#1029,.T.);
#1029 = LINE('',#1030,#1031);
#1030 = CARTESIAN_POINT('',(-84.55753792165,-53.,22.655665513836));
#1031 = VECTOR('',#1032,1.);
#1032 = DIRECTION('',(0.,1.,-2.2E-16));
#1033 = PLANE('',#1034);
#1034 = AXIS2_PLACEMENT_3D('',#1035,#1036,#1037);
#1035 = CARTESIAN_POINT('',(-92.21320343559,-53.,15.));
#1036 = DIRECTION('',(0.707106781182,-1.6E-16,-0.707106781192));
#1037 = DIRECTION('',(0.707106781192,1.6E-16,0.707106781182));
#1038 = ADVANCED_FACE('',(#1039),#1057,.T.);
#1039 = FACE_BOUND('',#1040,.T.);
#1040 = EDGE_LOOP('',(#1041,#1042,#1043,#1051));
#1041 = ORIENTED_EDGE('',*,*,#313,.F.);
#1042 = ORIENTED_EDGE('',*,*,#978,.T.);
#1043 = ORIENTED_EDGE('',*,*,#1044,.T.);
#1044 = EDGE_CURVE('',#971,#1045,#1047,.T.);
#1045 = VERTEX_POINT('',#1046);
#1046 = CARTESIAN_POINT('',(-49.36886894939,-48.,57.8443344862));
#1047 = LINE('',#1048,#1049);
#1048 = CARTESIAN_POINT('',(-53.96320343559,-48.,53.25));
#1049 = VECTOR('',#1050,1.);
#1050 = DIRECTION('',(-0.707106781187,-0.,-0.707106781187));
#1051 = ORIENTED_EDGE('',*,*,#1052,.F.);
#1052 = EDGE_CURVE('',#305,#1045,#1053,.T.);
#1053 = LINE('',#1054,#1055);
#1054 = CARTESIAN_POINT('',(-49.36886894939,-53.,57.8443344862));
#1055 = VECTOR('',#1056,1.);
#1056 = DIRECTION('',(0.,1.,-2.2E-16));
#1057 = PLANE('',#1058);
#1058 = AXIS2_PLACEMENT_3D('',#1059,#1060,#1061);
#1059 = CARTESIAN_POINT('',(-41.21320343559,-53.,66.));
#1060 = DIRECTION('',(-0.707106781187,1.6E-16,0.707106781187));
#1061 = DIRECTION('',(-0.707106781187,-1.6E-16,-0.707106781187));
#1062 = ADVANCED_FACE('',(#1063),#1082,.T.);
#1063 = FACE_BOUND('',#1064,.T.);
#1064 = EDGE_LOOP('',(#1065,#1066,#1074,#1081));
#1065 = ORIENTED_EDGE('',*,*,#286,.F.);
#1066 = ORIENTED_EDGE('',*,*,#1067,.T.);
#1067 = EDGE_CURVE('',#287,#1068,#1070,.T.);
#1068 = VERTEX_POINT('',#1069);
#1069 = CARTESIAN_POINT('',(-77.16024389977,-48.,22.29610528624));
#1070 = LINE('',#1071,#1072);
#1071 = CARTESIAN_POINT('',(-77.16024389977,-53.,22.29610528624));
#1072 = VECTOR('',#1073,1.);
#1073 = DIRECTION('',(0.,1.,-2.2E-16));
#1074 = ORIENTED_EDGE('',*,*,#1075,.T.);
#1075 = EDGE_CURVE('',#1068,#1021,#1076,.T.);
#1076 = CIRCLE('',#1077,5.);
#1077 = AXIS2_PLACEMENT_3D('',#1078,#1079,#1080);
#1078 = CARTESIAN_POINT('',(-81.02200401582,-48.,19.120131607795));
#1079 = DIRECTION('',(0.,-1.,2.2E-16));
#1080 = DIRECTION('',(1.,0.,0.));
#1081 = ORIENTED_EDGE('',*,*,#1028,.F.);
#1082 = CYLINDRICAL_SURFACE('',#1083,5.);
#1083 = AXIS2_PLACEMENT_3D('',#1084,#1085,#1086);
#1084 = CARTESIAN_POINT('',(-81.02200401582,-53.,19.120131607795));
#1085 = DIRECTION('',(0.,-1.,2.2E-16));
#1086 = DIRECTION('',(1.,0.,0.));
#1087 = ADVANCED_FACE('',(#1088),#1107,.T.);
#1088 = FACE_BOUND('',#1089,.T.);
#1089 = EDGE_LOOP('',(#1090,#1091,#1092,#1101));
#1090 = ORIENTED_EDGE('',*,*,#304,.F.);
#1091 = ORIENTED_EDGE('',*,*,#1052,.T.);
#1092 = ORIENTED_EDGE('',*,*,#1093,.T.);
#1093 = EDGE_CURVE('',#1045,#1094,#1096,.T.);
#1094 = VERTEX_POINT('',#1095);
#1095 = CARTESIAN_POINT('',(-49.00930872189,-48.,50.447040464214));
#1096 = CIRCLE('',#1097,5.);
#1097 = AXIS2_PLACEMENT_3D('',#1098,#1099,#1100);
#1098 = CARTESIAN_POINT('',(-45.83333504346,-48.,54.308800580267));
#1099 = DIRECTION('',(0.,-1.,2.2E-16));
#1100 = DIRECTION('',(1.,0.,0.));
#1101 = ORIENTED_EDGE('',*,*,#1102,.F.);
#1102 = EDGE_CURVE('',#296,#1094,#1103,.T.);
#1103 = LINE('',#1104,#1105);
#1104 = CARTESIAN_POINT('',(-49.00930872189,-53.,50.447040464214));
#1105 = VECTOR('',#1106,1.);
#1106 = DIRECTION('',(0.,1.,-2.2E-16));
#1107 = CYLINDRICAL_SURFACE('',#1108,5.);
#1108 = AXIS2_PLACEMENT_3D('',#1109,#1110,#1111);
#1109 = CARTESIAN_POINT('',(-45.83333504346,-53.,54.308800580267));
#1110 = DIRECTION('',(0.,-1.,2.2E-16));
#1111 = DIRECTION('',(1.,0.,0.));
#1112 = ADVANCED_FACE('',(#1113),#1125,.F.);
#1113 = FACE_BOUND('',#1114,.F.);
#1114 = EDGE_LOOP('',(#1115,#1116,#1117,#1124));
#1115 = ORIENTED_EDGE('',*,*,#295,.F.);
#1116 = ORIENTED_EDGE('',*,*,#1067,.T.);
#1117 = ORIENTED_EDGE('',*,*,#1118,.T.);
#1118 = EDGE_CURVE('',#1068,#1094,#1119,.T.);
#1119 = CIRCLE('',#1120,20.);
#1120 = AXIS2_PLACEMENT_3D('',#1121,#1122,#1123);
#1121 = CARTESIAN_POINT('',(-61.71320343559,-48.,35.));
#1122 = DIRECTION('',(0.,-1.,2.2E-16));
#1123 = DIRECTION('',(1.,0.,0.));
#1124 = ORIENTED_EDGE('',*,*,#1102,.F.);
#1125 = CYLINDRICAL_SURFACE('',#1126,20.);
#1126 = AXIS2_PLACEMENT_3D('',#1127,#1128,#1129);
#1127 = CARTESIAN_POINT('',(-61.71320343559,-53.,35.));
#1128 = DIRECTION('',(0.,-1.,2.2E-16));
#1129 = DIRECTION('',(1.,0.,0.));
#1130 = ADVANCED_FACE('',(#1131),#1156,.F.);
#1131 = FACE_BOUND('',#1132,.F.);
#1132 = EDGE_LOOP('',(#1133,#1141,#1149,#1155));
#1133 = ORIENTED_EDGE('',*,*,#1134,.T.);
#1134 = EDGE_CURVE('',#338,#1135,#1137,.T.);
#1135 = VERTEX_POINT('',#1136);
#1136 = CARTESIAN_POINT('',(-37.46320343559,-50.,63.849186911246));
#1137 = LINE('',#1138,#1139);
#1138 = CARTESIAN_POINT('',(-37.46320343559,-53.,63.849186911246));
#1139 = VECTOR('',#1140,1.);
#1140 = DIRECTION('',(0.,1.,-2.2E-16));
#1141 = ORIENTED_EDGE('',*,*,#1142,.T.);
#1142 = EDGE_CURVE('',#1135,#1143,#1145,.T.);
#1143 = VERTEX_POINT('',#1144);
#1144 = CARTESIAN_POINT('',(-41.01320343559,-50.,61.799593455623));
#1145 = LINE('',#1146,#1147);
#1146 = CARTESIAN_POINT('',(-37.46320343559,-50.,63.849186911246));
#1147 = VECTOR('',#1148,1.);
#1148 = DIRECTION('',(-0.866025403784,-0.,-0.5));
#1149 = ORIENTED_EDGE('',*,*,#1150,.F.);
#1150 = EDGE_CURVE('',#340,#1143,#1151,.T.);
#1151 = LINE('',#1152,#1153);
#1152 = CARTESIAN_POINT('',(-41.01320343559,-53.,61.799593455623));
#1153 = VECTOR('',#1154,1.);
#1154 = DIRECTION('',(0.,1.,-2.2E-16));
#1155 = ORIENTED_EDGE('',*,*,#337,.F.);
#1156 = PLANE('',#1157);
#1157 = AXIS2_PLACEMENT_3D('',#1158,#1159,#1160);
#1158 = CARTESIAN_POINT('',(-37.46320343559,-53.,63.849186911246));
#1159 = DIRECTION('',(-0.5,1.9E-16,0.866025403784));
#1160 = DIRECTION('',(-0.866025403784,-1.1E-16,-0.5));
#1161 = ADVANCED_FACE('',(#1162),#1180,.F.);
#1162 = FACE_BOUND('',#1163,.F.);
#1163 = EDGE_LOOP('',(#1164,#1172,#1178,#1179));
#1164 = ORIENTED_EDGE('',*,*,#1165,.T.);
#1165 = EDGE_CURVE('',#372,#1166,#1168,.T.);
#1166 = VERTEX_POINT('',#1167);
#1167 = CARTESIAN_POINT('',(-33.91320343559,-50.,61.799593455623));
#1168 = LINE('',#1169,#1170);
#1169 = CARTESIAN_POINT('',(-33.91320343559,-53.,61.799593455623));
#1170 = VECTOR('',#1171,1.);
#1171 = DIRECTION('',(0.,1.,-2.2E-16));
#1172 = ORIENTED_EDGE('',*,*,#1173,.T.);
#1173 = EDGE_CURVE('',#1166,#1135,#1174,.T.);
#1174 = LINE('',#1175,#1176);
#1175 = CARTESIAN_POINT('',(-33.91320343559,-50.,61.799593455623));
#1176 = VECTOR('',#1177,1.);
#1177 = DIRECTION('',(-0.866025403784,0.,0.5));
#1178 = ORIENTED_EDGE('',*,*,#1134,.F.);
#1179 = ORIENTED_EDGE('',*,*,#379,.F.);
#1180 = PLANE('',#1181);
#1181 = AXIS2_PLACEMENT_3D('',#1182,#1183,#1184);
#1182 = CARTESIAN_POINT('',(-33.91320343559,-53.,61.799593455623));
#1183 = DIRECTION('',(0.5,1.9E-16,0.866025403784));
#1184 = DIRECTION('',(-0.866025403784,1.1E-16,0.5));
#1185 = ADVANCED_FACE('',(#1186),#1204,.F.);
#1186 = FACE_BOUND('',#1187,.F.);
#1187 = EDGE_LOOP('',(#1188,#1196,#1202,#1203));
#1188 = ORIENTED_EDGE('',*,*,#1189,.T.);
#1189 = EDGE_CURVE('',#364,#1190,#1192,.T.);
#1190 = VERTEX_POINT('',#1191);
#1191 = CARTESIAN_POINT('',(-33.91320343559,-50.,57.700406544377));
#1192 = LINE('',#1193,#1194);
#1193 = CARTESIAN_POINT('',(-33.91320343559,-53.,57.700406544377));
#1194 = VECTOR('',#1195,1.);
#1195 = DIRECTION('',(0.,1.,-2.2E-16));
#1196 = ORIENTED_EDGE('',*,*,#1197,.T.);
#1197 = EDGE_CURVE('',#1190,#1166,#1198,.T.);
#1198 = LINE('',#1199,#1200);
#1199 = CARTESIAN_POINT('',(-33.91320343559,-50.,57.700406544377));
#1200 = VECTOR('',#1201,1.);
#1201 = DIRECTION('',(0.,0.,1.));
#1202 = ORIENTED_EDGE('',*,*,#1165,.F.);
#1203 = ORIENTED_EDGE('',*,*,#371,.F.);
#1204 = PLANE('',#1205);
#1205 = AXIS2_PLACEMENT_3D('',#1206,#1207,#1208);
#1206 = CARTESIAN_POINT('',(-33.91320343559,-53.,57.700406544377));
#1207 = DIRECTION('',(1.,0.,0.));
#1208 = DIRECTION('',(0.,2.2E-16,1.));
#1209 = ADVANCED_FACE('',(#1210),#1228,.F.);
#1210 = FACE_BOUND('',#1211,.F.);
#1211 = EDGE_LOOP('',(#1212,#1220,#1226,#1227));
#1212 = ORIENTED_EDGE('',*,*,#1213,.T.);
#1213 = EDGE_CURVE('',#356,#1214,#1216,.T.);
#1214 = VERTEX_POINT('',#1215);
#1215 = CARTESIAN_POINT('',(-37.46320343559,-50.,55.650813088754));
#1216 = LINE('',#1217,#1218);
#1217 = CARTESIAN_POINT('',(-37.46320343559,-53.,55.650813088754));
#1218 = VECTOR('',#1219,1.);
#1219 = DIRECTION('',(0.,1.,-2.2E-16));
#1220 = ORIENTED_EDGE('',*,*,#1221,.T.);
#1221 = EDGE_CURVE('',#1214,#1190,#1222,.T.);
#1222 = LINE('',#1223,#1224);
#1223 = CARTESIAN_POINT('',(-37.46320343559,-50.,55.650813088754));
#1224 = VECTOR('',#1225,1.);
#1225 = DIRECTION('',(0.866025403784,0.,0.5));
#1226 = ORIENTED_EDGE('',*,*,#1189,.F.);
#1227 = ORIENTED_EDGE('',*,*,#363,.F.);
#1228 = PLANE('',#1229);
#1229 = AXIS2_PLACEMENT_3D('',#1230,#1231,#1232);
#1230 = CARTESIAN_POINT('',(-37.46320343559,-53.,55.650813088754));
#1231 = DIRECTION('',(0.5,-1.9E-16,-0.866025403784));
#1232 = DIRECTION('',(0.866025403784,1.1E-16,0.5));
#1233 = ADVANCED_FACE('',(#1234),#1252,.F.);
#1234 = FACE_BOUND('',#1235,.F.);
#1235 = EDGE_LOOP('',(#1236,#1244,#1250,#1251));
#1236 = ORIENTED_EDGE('',*,*,#1237,.T.);
#1237 = EDGE_CURVE('',#348,#1238,#1240,.T.);
#1238 = VERTEX_POINT('',#1239);
#1239 = CARTESIAN_POINT('',(-41.01320343559,-50.,57.700406544377));
#1240 = LINE('',#1241,#1242);
#1241 = CARTESIAN_POINT('',(-41.01320343559,-53.,57.700406544377));
#1242 = VECTOR('',#1243,1.);
#1243 = DIRECTION('',(0.,1.,-2.2E-16));
#1244 = ORIENTED_EDGE('',*,*,#1245,.T.);
#1245 = EDGE_CURVE('',#1238,#1214,#1246,.T.);
#1246 = LINE('',#1247,#1248);
#1247 = CARTESIAN_POINT('',(-41.01320343559,-50.,57.700406544377));
#1248 = VECTOR('',#1249,1.);
#1249 = DIRECTION('',(0.866025403784,0.,-0.5));
#1250 = ORIENTED_EDGE('',*,*,#1213,.F.);
#1251 = ORIENTED_EDGE('',*,*,#355,.F.);
#1252 = PLANE('',#1253);
#1253 = AXIS2_PLACEMENT_3D('',#1254,#1255,#1256);
#1254 = CARTESIAN_POINT('',(-41.01320343559,-53.,57.700406544377));
#1255 = DIRECTION('',(-0.5,-1.9E-16,-0.866025403784));
#1256 = DIRECTION('',(0.866025403784,-1.1E-16,-0.5));
#1257 = ADVANCED_FACE('',(#1258),#1269,.F.);
#1258 = FACE_BOUND('',#1259,.F.);
#1259 = EDGE_LOOP('',(#1260,#1261,#1267,#1268));
#1260 = ORIENTED_EDGE('',*,*,#1150,.T.);
#1261 = ORIENTED_EDGE('',*,*,#1262,.T.);
#1262 = EDGE_CURVE('',#1143,#1238,#1263,.T.);
#1263 = LINE('',#1264,#1265);
#1264 = CARTESIAN_POINT('',(-41.01320343559,-50.,61.799593455623));
#1265 = VECTOR('',#1266,1.);
#1266 = DIRECTION('',(0.,0.,-1.));
#1267 = ORIENTED_EDGE('',*,*,#1237,.F.);
#1268 = ORIENTED_EDGE('',*,*,#347,.F.);
#1269 = PLANE('',#1270);
#1270 = AXIS2_PLACEMENT_3D('',#1271,#1272,#1273);
#1271 = CARTESIAN_POINT('',(-41.01320343559,-53.,61.799593455623));
#1272 = DIRECTION('',(-1.,0.,0.));
#1273 = DIRECTION('',(-0.,-2.2E-16,-1.));
#1274 = ADVANCED_FACE('',(#1275),#1300,.F.);
#1275 = FACE_BOUND('',#1276,.F.);
#1276 = EDGE_LOOP('',(#1277,#1285,#1293,#1299));
#1277 = ORIENTED_EDGE('',*,*,#1278,.T.);
#1278 = EDGE_CURVE('',#388,#1279,#1281,.T.);
#1279 = VERTEX_POINT('',#1280);
#1280 = CARTESIAN_POINT('',(-82.41320343559,-50.,10.200406544377));
#1281 = LINE('',#1282,#1283);
#1282 = CARTESIAN_POINT('',(-82.41320343559,-53.,10.200406544377));
#1283 = VECTOR('',#1284,1.);
#1284 = DIRECTION('',(0.,1.,-2.2E-16));
#1285 = ORIENTED_EDGE('',*,*,#1286,.T.);
#1286 = EDGE_CURVE('',#1279,#1287,#1289,.T.);
#1287 = VERTEX_POINT('',#1288);
#1288 = CARTESIAN_POINT('',(-82.41320343559,-50.,14.299593455623));
#1289 = LINE('',#1290,#1291);
#1290 = CARTESIAN_POINT('',(-82.41320343559,-50.,10.200406544377));
#1291 = VECTOR('',#1292,1.);
#1292 = DIRECTION('',(0.,0.,1.));
#1293 = ORIENTED_EDGE('',*,*,#1294,.F.);
#1294 = EDGE_CURVE('',#390,#1287,#1295,.T.);
#1295 = LINE('',#1296,#1297);
#1296 = CARTESIAN_POINT('',(-82.41320343559,-53.,14.299593455623));
#1297 = VECTOR('',#1298,1.);
#1298 = DIRECTION('',(0.,1.,-2.2E-16));
#1299 = ORIENTED_EDGE('',*,*,#387,.F.);
#1300 = PLANE('',#1301);
#1301 = AXIS2_PLACEMENT_3D('',#1302,#1303,#1304);
#1302 = CARTESIAN_POINT('',(-82.41320343559,-53.,10.200406544377));
#1303 = DIRECTION('',(1.,0.,0.));
#1304 = DIRECTION('',(0.,2.2E-16,1.));
#1305 = ADVANCED_FACE('',(#1306),#1324,.F.);
#1306 = FACE_BOUND('',#1307,.F.);
#1307 = EDGE_LOOP('',(#1308,#1316,#1322,#1323));
#1308 = ORIENTED_EDGE('',*,*,#1309,.T.);
#1309 = EDGE_CURVE('',#422,#1310,#1312,.T.);
#1310 = VERTEX_POINT('',#1311);
#1311 = CARTESIAN_POINT('',(-85.96320343559,-50.,8.150813088754));
#1312 = LINE('',#1313,#1314);
#1313 = CARTESIAN_POINT('',(-85.96320343559,-53.,8.150813088754));
#1314 = VECTOR('',#1315,1.);
#1315 = DIRECTION('',(0.,1.,-2.2E-16));
#1316 = ORIENTED_EDGE('',*,*,#1317,.T.);
#1317 = EDGE_CURVE('',#1310,#1279,#1318,.T.);
#1318 = LINE('',#1319,#1320);
#1319 = CARTESIAN_POINT('',(-85.96320343559,-50.,8.150813088754));
#1320 = VECTOR('',#1321,1.);
#1321 = DIRECTION('',(0.866025403784,0.,0.5));
#1322 = ORIENTED_EDGE('',*,*,#1278,.F.);
#1323 = ORIENTED_EDGE('',*,*,#429,.F.);
#1324 = PLANE('',#1325);
#1325 = AXIS2_PLACEMENT_3D('',#1326,#1327,#1328);
#1326 = CARTESIAN_POINT('',(-85.96320343559,-53.,8.150813088754));
#1327 = DIRECTION('',(0.5,-1.9E-16,-0.866025403784));
#1328 = DIRECTION('',(0.866025403784,1.1E-16,0.5));
#1329 = ADVANCED_FACE('',(#1330),#1348,.F.);
#1330 = FACE_BOUND('',#1331,.F.);
#1331 = EDGE_LOOP('',(#1332,#1340,#1346,#1347));
#1332 = ORIENTED_EDGE('',*,*,#1333,.T.);
#1333 = EDGE_CURVE('',#414,#1334,#1336,.T.);
#1334 = VERTEX_POINT('',#1335);
#1335 = CARTESIAN_POINT('',(-89.51320343559,-50.,10.200406544377));
#1336 = LINE('',#1337,#1338);
#1337 = CARTESIAN_POINT('',(-89.51320343559,-53.,10.200406544377));
#1338 = VECTOR('',#1339,1.);
#1339 = DIRECTION('',(0.,1.,-2.2E-16));
#1340 = ORIENTED_EDGE('',*,*,#1341,.T.);
#1341 = EDGE_CURVE('',#1334,#1310,#1342,.T.);
#1342 = LINE('',#1343,#1344);
#1343 = CARTESIAN_POINT('',(-89.51320343559,-50.,10.200406544377));
#1344 = VECTOR('',#1345,1.);
#1345 = DIRECTION('',(0.866025403784,0.,-0.5));
#1346 = ORIENTED_EDGE('',*,*,#1309,.F.);
#1347 = ORIENTED_EDGE('',*,*,#421,.F.);
#1348 = PLANE('',#1349);
#1349 = AXIS2_PLACEMENT_3D('',#1350,#1351,#1352);
#1350 = CARTESIAN_POINT('',(-89.51320343559,-53.,10.200406544377));
#1351 = DIRECTION('',(-0.5,-1.9E-16,-0.866025403784));
#1352 = DIRECTION('',(0.866025403784,-1.1E-16,-0.5));
#1353 = ADVANCED_FACE('',(#1354),#1372,.F.);
#1354 = FACE_BOUND('',#1355,.F.);
#1355 = EDGE_LOOP('',(#1356,#1364,#1370,#1371));
#1356 = ORIENTED_EDGE('',*,*,#1357,.T.);
#1357 = EDGE_CURVE('',#406,#1358,#1360,.T.);
#1358 = VERTEX_POINT('',#1359);
#1359 = CARTESIAN_POINT('',(-89.51320343559,-50.,14.299593455623));
#1360 = LINE('',#1361,#1362);
#1361 = CARTESIAN_POINT('',(-89.51320343559,-53.,14.299593455623));
#1362 = VECTOR('',#1363,1.);
#1363 = DIRECTION('',(0.,1.,-2.2E-16));
#1364 = ORIENTED_EDGE('',*,*,#1365,.T.);
#1365 = EDGE_CURVE('',#1358,#1334,#1366,.T.);
#1366 = LINE('',#1367,#1368);
#1367 = CARTESIAN_POINT('',(-89.51320343559,-50.,14.299593455623));
#1368 = VECTOR('',#1369,1.);
#1369 = DIRECTION('',(0.,0.,-1.));
#1370 = ORIENTED_EDGE('',*,*,#1333,.F.);
#1371 = ORIENTED_EDGE('',*,*,#413,.F.);
#1372 = PLANE('',#1373);
#1373 = AXIS2_PLACEMENT_3D('',#1374,#1375,#1376);
#1374 = CARTESIAN_POINT('',(-89.51320343559,-53.,14.299593455623));
#1375 = DIRECTION('',(-1.,0.,0.));
#1376 = DIRECTION('',(-0.,-2.2E-16,-1.));
#1377 = ADVANCED_FACE('',(#1378),#1396,.F.);
#1378 = FACE_BOUND('',#1379,.F.);
#1379 = EDGE_LOOP('',(#1380,#1388,#1394,#1395));
#1380 = ORIENTED_EDGE('',*,*,#1381,.T.);
#1381 = EDGE_CURVE('',#398,#1382,#1384,.T.);
#1382 = VERTEX_POINT('',#1383);
#1383 = CARTESIAN_POINT('',(-85.96320343559,-50.,16.349186911246));
#1384 = LINE('',#1385,#1386);
#1385 = CARTESIAN_POINT('',(-85.96320343559,-53.,16.349186911246));
#1386 = VECTOR('',#1387,1.);
#1387 = DIRECTION('',(0.,1.,-2.2E-16));
#1388 = ORIENTED_EDGE('',*,*,#1389,.T.);
#1389 = EDGE_CURVE('',#1382,#1358,#1390,.T.);
#1390 = LINE('',#1391,#1392);
#1391 = CARTESIAN_POINT('',(-85.96320343559,-50.,16.349186911246));
#1392 = VECTOR('',#1393,1.);
#1393 = DIRECTION('',(-0.866025403784,-0.,-0.5));
#1394 = ORIENTED_EDGE('',*,*,#1357,.F.);
#1395 = ORIENTED_EDGE('',*,*,#405,.F.);
#1396 = PLANE('',#1397);
#1397 = AXIS2_PLACEMENT_3D('',#1398,#1399,#1400);
#1398 = CARTESIAN_POINT('',(-85.96320343559,-53.,16.349186911246));
#1399 = DIRECTION('',(-0.5,1.9E-16,0.866025403784));
#1400 = DIRECTION('',(-0.866025403784,-1.1E-16,-0.5));
#1401 = ADVANCED_FACE('',(#1402),#1413,.F.);
#1402 = FACE_BOUND('',#1403,.F.);
#1403 = EDGE_LOOP('',(#1404,#1405,#1411,#1412));
#1404 = ORIENTED_EDGE('',*,*,#1294,.T.);
#1405 = ORIENTED_EDGE('',*,*,#1406,.T.);
#1406 = EDGE_CURVE('',#1287,#1382,#1407,.T.);
#1407 = LINE('',#1408,#1409);
#1408 = CARTESIAN_POINT('',(-82.41320343559,-50.,14.299593455623));
#1409 = VECTOR('',#1410,1.);
#1410 = DIRECTION('',(-0.866025403784,0.,0.5));
#1411 = ORIENTED_EDGE('',*,*,#1381,.F.);
#1412 = ORIENTED_EDGE('',*,*,#397,.F.);
#1413 = PLANE('',#1414);
#1414 = AXIS2_PLACEMENT_3D('',#1415,#1416,#1417);
#1415 = CARTESIAN_POINT('',(-82.41320343559,-53.,14.299593455623));
#1416 = DIRECTION('',(0.5,1.9E-16,0.866025403784));
#1417 = DIRECTION('',(-0.866025403784,1.1E-16,0.5));
#1418 = ADVANCED_FACE('',(#1419),#1444,.F.);
#1419 = FACE_BOUND('',#1420,.F.);
#1420 = EDGE_LOOP('',(#1421,#1429,#1437,#1443));
#1421 = ORIENTED_EDGE('',*,*,#1422,.T.);
#1422 = EDGE_CURVE('',#438,#1423,#1425,.T.);
#1423 = VERTEX_POINT('',#1424);
#1424 = CARTESIAN_POINT('',(-37.46320343559,-50.,16.349186911247));
#1425 = LINE('',#1426,#1427);
#1426 = CARTESIAN_POINT('',(-37.46320343559,-53.,16.349186911247));
#1427 = VECTOR('',#1428,1.);
#1428 = DIRECTION('',(0.,1.,-2.2E-16));
#1429 = ORIENTED_EDGE('',*,*,#1430,.T.);
#1430 = EDGE_CURVE('',#1423,#1431,#1433,.T.);
#1431 = VERTEX_POINT('',#1432);
#1432 = CARTESIAN_POINT('',(-41.01320343559,-50.,14.299593455623));
#1433 = LINE('',#1434,#1435);
#1434 = CARTESIAN_POINT('',(-37.46320343559,-50.,16.349186911247));
#1435 = VECTOR('',#1436,1.);
#1436 = DIRECTION('',(-0.866025403784,-0.,-0.5));
#1437 = ORIENTED_EDGE('',*,*,#1438,.F.);
#1438 = EDGE_CURVE('',#440,#1431,#1439,.T.);
#1439 = LINE('',#1440,#1441);
#1440 = CARTESIAN_POINT('',(-41.01320343559,-53.,14.299593455623));
#1441 = VECTOR('',#1442,1.);
#1442 = DIRECTION('',(0.,1.,-2.2E-16));
#1443 = ORIENTED_EDGE('',*,*,#437,.F.);
#1444 = PLANE('',#1445);
#1445 = AXIS2_PLACEMENT_3D('',#1446,#1447,#1448);
#1446 = CARTESIAN_POINT('',(-37.46320343559,-53.,16.349186911247));
#1447 = DIRECTION('',(-0.5,1.9E-16,0.866025403784));
#1448 = DIRECTION('',(-0.866025403784,-1.1E-16,-0.5));
#1449 = ADVANCED_FACE('',(#1450),#1468,.F.);
#1450 = FACE_BOUND('',#1451,.F.);
#1451 = EDGE_LOOP('',(#1452,#1460,#1466,#1467));
#1452 = ORIENTED_EDGE('',*,*,#1453,.T.);
#1453 = EDGE_CURVE('',#472,#1454,#1456,.T.);
#1454 = VERTEX_POINT('',#1455);
#1455 = CARTESIAN_POINT('',(-33.91320343559,-50.,14.299593455623));
#1456 = LINE('',#1457,#1458);
#1457 = CARTESIAN_POINT('',(-33.91320343559,-53.,14.299593455623));
#1458 = VECTOR('',#1459,1.);
#1459 = DIRECTION('',(0.,1.,-2.2E-16));
#1460 = ORIENTED_EDGE('',*,*,#1461,.T.);
#1461 = EDGE_CURVE('',#1454,#1423,#1462,.T.);
#1462 = LINE('',#1463,#1464);
#1463 = CARTESIAN_POINT('',(-33.91320343559,-50.,14.299593455623));
#1464 = VECTOR('',#1465,1.);
#1465 = DIRECTION('',(-0.866025403784,0.,0.5));
#1466 = ORIENTED_EDGE('',*,*,#1422,.F.);
#1467 = ORIENTED_EDGE('',*,*,#479,.F.);
#1468 = PLANE('',#1469);
#1469 = AXIS2_PLACEMENT_3D('',#1470,#1471,#1472);
#1470 = CARTESIAN_POINT('',(-33.91320343559,-53.,14.299593455623));
#1471 = DIRECTION('',(0.5,1.9E-16,0.866025403784));
#1472 = DIRECTION('',(-0.866025403784,1.1E-16,0.5));
#1473 = ADVANCED_FACE('',(#1474),#1492,.F.);
#1474 = FACE_BOUND('',#1475,.F.);
#1475 = EDGE_LOOP('',(#1476,#1484,#1490,#1491));
#1476 = ORIENTED_EDGE('',*,*,#1477,.T.);
#1477 = EDGE_CURVE('',#464,#1478,#1480,.T.);
#1478 = VERTEX_POINT('',#1479);
#1479 = CARTESIAN_POINT('',(-33.91320343559,-50.,10.200406544376));
#1480 = LINE('',#1481,#1482);
#1481 = CARTESIAN_POINT('',(-33.91320343559,-53.,10.200406544376));
#1482 = VECTOR('',#1483,1.);
#1483 = DIRECTION('',(0.,1.,-2.2E-16));
#1484 = ORIENTED_EDGE('',*,*,#1485,.T.);
#1485 = EDGE_CURVE('',#1478,#1454,#1486,.T.);
#1486 = LINE('',#1487,#1488);
#1487 = CARTESIAN_POINT('',(-33.91320343559,-50.,10.200406544376));
#1488 = VECTOR('',#1489,1.);
#1489 = DIRECTION('',(2.1667E-13,0.,1.));
#1490 = ORIENTED_EDGE('',*,*,#1453,.F.);
#1491 = ORIENTED_EDGE('',*,*,#471,.F.);
#1492 = PLANE('',#1493);
#1493 = AXIS2_PLACEMENT_3D('',#1494,#1495,#1496);
#1494 = CARTESIAN_POINT('',(-33.91320343559,-53.,10.200406544376));
#1495 = DIRECTION('',(1.,0.,-2.1667E-13));
#1496 = DIRECTION('',(2.1667E-13,2.2E-16,1.));
#1497 = ADVANCED_FACE('',(#1498),#1516,.F.);
#1498 = FACE_BOUND('',#1499,.F.);
#1499 = EDGE_LOOP('',(#1500,#1508,#1514,#1515));
#1500 = ORIENTED_EDGE('',*,*,#1501,.T.);
#1501 = EDGE_CURVE('',#456,#1502,#1504,.T.);
#1502 = VERTEX_POINT('',#1503);
#1503 = CARTESIAN_POINT('',(-37.46320343559,-50.,8.150813088753));
#1504 = LINE('',#1505,#1506);
#1505 = CARTESIAN_POINT('',(-37.46320343559,-53.,8.150813088753));
#1506 = VECTOR('',#1507,1.);
#1507 = DIRECTION('',(0.,1.,-2.2E-16));
#1508 = ORIENTED_EDGE('',*,*,#1509,.T.);
#1509 = EDGE_CURVE('',#1502,#1478,#1510,.T.);
#1510 = LINE('',#1511,#1512);
#1511 = CARTESIAN_POINT('',(-37.46320343559,-50.,8.150813088753));
#1512 = VECTOR('',#1513,1.);
#1513 = DIRECTION('',(0.866025403784,0.,0.5));
#1514 = ORIENTED_EDGE('',*,*,#1477,.F.);
#1515 = ORIENTED_EDGE('',*,*,#463,.F.);
#1516 = PLANE('',#1517);
#1517 = AXIS2_PLACEMENT_3D('',#1518,#1519,#1520);
#1518 = CARTESIAN_POINT('',(-37.46320343559,-53.,8.150813088753));
#1519 = DIRECTION('',(0.5,-1.9E-16,-0.866025403784));
#1520 = DIRECTION('',(0.866025403784,1.1E-16,0.5));
#1521 = ADVANCED_FACE('',(#1522),#1540,.F.);
#1522 = FACE_BOUND('',#1523,.F.);
#1523 = EDGE_LOOP('',(#1524,#1532,#1538,#1539));
#1524 = ORIENTED_EDGE('',*,*,#1525,.T.);
#1525 = EDGE_CURVE('',#448,#1526,#1528,.T.);
#1526 = VERTEX_POINT('',#1527);
#1527 = CARTESIAN_POINT('',(-41.01320343559,-50.,10.200406544377));
#1528 = LINE('',#1529,#1530);
#1529 = CARTESIAN_POINT('',(-41.01320343559,-53.,10.200406544377));
#1530 = VECTOR('',#1531,1.);
#1531 = DIRECTION('',(0.,1.,-2.2E-16));
#1532 = ORIENTED_EDGE('',*,*,#1533,.T.);
#1533 = EDGE_CURVE('',#1526,#1502,#1534,.T.);
#1534 = LINE('',#1535,#1536);
#1535 = CARTESIAN_POINT('',(-41.01320343559,-50.,10.200406544377));
#1536 = VECTOR('',#1537,1.);
#1537 = DIRECTION('',(0.866025403784,0.,-0.5));
#1538 = ORIENTED_EDGE('',*,*,#1501,.F.);
#1539 = ORIENTED_EDGE('',*,*,#455,.F.);
#1540 = PLANE('',#1541);
#1541 = AXIS2_PLACEMENT_3D('',#1542,#1543,#1544);
#1542 = CARTESIAN_POINT('',(-41.01320343559,-53.,10.200406544377));
#1543 = DIRECTION('',(-0.5,-1.9E-16,-0.866025403784));
#1544 = DIRECTION('',(0.866025403784,-1.1E-16,-0.5));
#1545 = ADVANCED_FACE('',(#1546),#1557,.F.);
#1546 = FACE_BOUND('',#1547,.F.);
#1547 = EDGE_LOOP('',(#1548,#1549,#1555,#1556));
#1548 = ORIENTED_EDGE('',*,*,#1438,.T.);
#1549 = ORIENTED_EDGE('',*,*,#1550,.T.);
#1550 = EDGE_CURVE('',#1431,#1526,#1551,.T.);
#1551 = LINE('',#1552,#1553);
#1552 = CARTESIAN_POINT('',(-41.01320343559,-50.,14.299593455623));
#1553 = VECTOR('',#1554,1.);
#1554 = DIRECTION('',(0.,0.,-1.));
#1555 = ORIENTED_EDGE('',*,*,#1525,.F.);
#1556 = ORIENTED_EDGE('',*,*,#447,.F.);
#1557 = PLANE('',#1558);
#1558 = AXIS2_PLACEMENT_3D('',#1559,#1560,#1561);
#1559 = CARTESIAN_POINT('',(-41.01320343559,-53.,14.299593455623));
#1560 = DIRECTION('',(-1.,0.,0.));
#1561 = DIRECTION('',(-0.,-2.2E-16,-1.));
#1562 = ADVANCED_FACE('',(#1563),#1574,.T.);
#1563 = FACE_BOUND('',#1564,.F.);
#1564 = EDGE_LOOP('',(#1565,#1566,#1567,#1573));
#1565 = ORIENTED_EDGE('',*,*,#527,.T.);
#1566 = ORIENTED_EDGE('',*,*,#986,.T.);
#1567 = ORIENTED_EDGE('',*,*,#1568,.F.);
#1568 = EDGE_CURVE('',#495,#987,#1569,.T.);
#1569 = LINE('',#1570,#1571);
#1570 = CARTESIAN_POINT('',(-1.401396253041,-19.81180718255,5.));
#1571 = VECTOR('',#1572,1.);
#1572 = DIRECTION('',(0.,0.,1.));
#1573 = ORIENTED_EDGE('',*,*,#494,.F.);
#1574 = CYLINDRICAL_SURFACE('',#1575,2.);
#1575 = AXIS2_PLACEMENT_3D('',#1576,#1577,#1578);
#1576 = CARTESIAN_POINT('',(-2.815609815414,-21.22602074492,5.));
#1577 = DIRECTION('',(-0.,-0.,-1.));
#1578 = DIRECTION('',(1.,0.,0.));
#1579 = ADVANCED_FACE('',(#1580,#1596,#1607,#1618),#1629,.F.);
#1580 = FACE_BOUND('',#1581,.F.);
#1581 = EDGE_LOOP('',(#1582,#1583,#1589,#1590,#1591,#1592,#1593,#1594,
    #1595));
#1582 = ORIENTED_EDGE('',*,*,#591,.F.);
#1583 = ORIENTED_EDGE('',*,*,#1584,.T.);
#1584 = EDGE_CURVE('',#592,#963,#1585,.T.);
#1585 = LINE('',#1586,#1587);
#1586 = CARTESIAN_POINT('',(-31.21320343559,-48.,5.));
#1587 = VECTOR('',#1588,1.);
#1588 = DIRECTION('',(0.,0.,1.));
#1589 = ORIENTED_EDGE('',*,*,#970,.T.);
#1590 = ORIENTED_EDGE('',*,*,#1044,.T.);
#1591 = ORIENTED_EDGE('',*,*,#1093,.T.);
#1592 = ORIENTED_EDGE('',*,*,#1118,.F.);
#1593 = ORIENTED_EDGE('',*,*,#1075,.T.);
#1594 = ORIENTED_EDGE('',*,*,#1020,.F.);
#1595 = ORIENTED_EDGE('',*,*,#567,.F.);
#1596 = FACE_BOUND('',#1597,.F.);
#1597 = EDGE_LOOP('',(#1598));
#1598 = ORIENTED_EDGE('',*,*,#1599,.F.);
#1599 = EDGE_CURVE('',#1600,#1600,#1602,.T.);
#1600 = VERTEX_POINT('',#1601);
#1601 = CARTESIAN_POINT('',(-35.21320343559,-48.,59.75));
#1602 = CIRCLE('',#1603,2.25);
#1603 = AXIS2_PLACEMENT_3D('',#1604,#1605,#1606);
#1604 = CARTESIAN_POINT('',(-37.46320343559,-48.,59.75));
#1605 = DIRECTION('',(0.,-1.,2.2E-16));
#1606 = DIRECTION('',(1.,0.,0.));
#1607 = FACE_BOUND('',#1608,.F.);
#1608 = EDGE_LOOP('',(#1609));
#1609 = ORIENTED_EDGE('',*,*,#1610,.F.);
#1610 = EDGE_CURVE('',#1611,#1611,#1613,.T.);
#1611 = VERTEX_POINT('',#1612);
#1612 = CARTESIAN_POINT('',(-35.21320343559,-48.,12.25));
#1613 = CIRCLE('',#1614,2.25);
#1614 = AXIS2_PLACEMENT_3D('',#1615,#1616,#1617);
#1615 = CARTESIAN_POINT('',(-37.46320343559,-48.,12.25));
#1616 = DIRECTION('',(0.,-1.,2.2E-16));
#1617 = DIRECTION('',(1.,0.,0.));
#1618 = FACE_BOUND('',#1619,.F.);
#1619 = EDGE_LOOP('',(#1620));
#1620 = ORIENTED_EDGE('',*,*,#1621,.F.);
#1621 = EDGE_CURVE('',#1622,#1622,#1624,.T.);
#1622 = VERTEX_POINT('',#1623);
#1623 = CARTESIAN_POINT('',(-83.71320343559,-48.,12.25));
#1624 = CIRCLE('',#1625,2.25);
#1625 = AXIS2_PLACEMENT_3D('',#1626,#1627,#1628);
#1626 = CARTESIAN_POINT('',(-85.96320343559,-48.,12.25));
#1627 = DIRECTION('',(0.,-1.,2.2E-16));
#1628 = DIRECTION('',(1.,0.,0.));
#1629 = PLANE('',#1630);
#1630 = AXIS2_PLACEMENT_3D('',#1631,#1632,#1633);
#1631 = CARTESIAN_POINT('',(-31.21320343559,-48.,5.));
#1632 = DIRECTION('',(0.,-1.,0.));
#1633 = DIRECTION('',(-1.,0.,0.));
#1634 = ADVANCED_FACE('',(#1635,#1646,#1657,#1668,#1679,#1690,#1701),
  #1712,.F.);
#1635 = FACE_BOUND('',#1636,.F.);
#1636 = EDGE_LOOP('',(#1637,#1643,#1644,#1645));
#1637 = ORIENTED_EDGE('',*,*,#1638,.T.);
#1638 = EDGE_CURVE('',#544,#955,#1639,.T.);
#1639 = LINE('',#1640,#1641);
#1640 = CARTESIAN_POINT('',(-31.21320343559,53.,5.));
#1641 = VECTOR('',#1642,1.);
#1642 = DIRECTION('',(0.,0.,1.));
#1643 = ORIENTED_EDGE('',*,*,#962,.T.);
#1644 = ORIENTED_EDGE('',*,*,#1584,.F.);
#1645 = ORIENTED_EDGE('',*,*,#599,.F.);
#1646 = FACE_BOUND('',#1647,.F.);
#1647 = EDGE_LOOP('',(#1648));
#1648 = ORIENTED_EDGE('',*,*,#1649,.F.);
#1649 = EDGE_CURVE('',#1650,#1650,#1652,.T.);
#1650 = VERTEX_POINT('',#1651);
#1651 = CARTESIAN_POINT('',(-31.21320343559,37.577164466275,55.));
#1652 = ELLIPSE('',#1653,6.363961030679,4.5);
#1653 = AXIS2_PLACEMENT_3D('',#1654,#1655,#1656);
#1654 = CARTESIAN_POINT('',(-31.21320343559,31.213203435596,55.));
#1655 = DIRECTION('',(1.,0.,0.));
#1656 = DIRECTION('',(0.,-1.,0.));
#1657 = FACE_BOUND('',#1658,.F.);
#1658 = EDGE_LOOP('',(#1659));
#1659 = ORIENTED_EDGE('',*,*,#1660,.F.);
#1660 = EDGE_CURVE('',#1661,#1661,#1663,.T.);
#1661 = VERTEX_POINT('',#1662);
#1662 = CARTESIAN_POINT('',(-31.21320343559,37.577164466275,35.));
#1663 = ELLIPSE('',#1664,6.363961030679,4.5);
#1664 = AXIS2_PLACEMENT_3D('',#1665,#1666,#1667);
#1665 = CARTESIAN_POINT('',(-31.21320343559,31.213203435596,35.));
#1666 = DIRECTION('',(1.,0.,0.));
#1667 = DIRECTION('',(0.,-1.,0.));
#1668 = FACE_BOUND('',#1669,.F.);
#1669 = EDGE_LOOP('',(#1670));
#1670 = ORIENTED_EDGE('',*,*,#1671,.F.);
#1671 = EDGE_CURVE('',#1672,#1672,#1674,.T.);
#1672 = VERTEX_POINT('',#1673);
#1673 = CARTESIAN_POINT('',(-31.21320343559,-24.84924240491,55.));
#1674 = ELLIPSE('',#1675,6.363961030679,4.5);
#1675 = AXIS2_PLACEMENT_3D('',#1676,#1677,#1678);
#1676 = CARTESIAN_POINT('',(-31.21320343559,-31.21320343559,55.));
#1677 = DIRECTION('',(1.,0.,0.));
#1678 = DIRECTION('',(0.,1.,0.));
#1679 = FACE_BOUND('',#1680,.F.);
#1680 = EDGE_LOOP('',(#1681));
#1681 = ORIENTED_EDGE('',*,*,#1682,.F.);
#1682 = EDGE_CURVE('',#1683,#1683,#1685,.T.);
#1683 = VERTEX_POINT('',#1684);
#1684 = CARTESIAN_POINT('',(-31.21320343559,-24.84924240491,35.));
#1685 = ELLIPSE('',#1686,6.363961030679,4.5);
#1686 = AXIS2_PLACEMENT_3D('',#1687,#1688,#1689);
#1687 = CARTESIAN_POINT('',(-31.21320343559,-31.21320343559,35.));
#1688 = DIRECTION('',(1.,0.,0.));
#1689 = DIRECTION('',(0.,1.,0.));
#1690 = FACE_BOUND('',#1691,.F.);
#1691 = EDGE_LOOP('',(#1692));
#1692 = ORIENTED_EDGE('',*,*,#1693,.F.);
#1693 = EDGE_CURVE('',#1694,#1694,#1696,.T.);
#1694 = VERTEX_POINT('',#1695);
#1695 = CARTESIAN_POINT('',(-31.21320343559,37.577164466275,15.));
#1696 = ELLIPSE('',#1697,6.363961030679,4.5);
#1697 = AXIS2_PLACEMENT_3D('',#1698,#1699,#1700);
#1698 = CARTESIAN_POINT('',(-31.21320343559,31.213203435596,15.));
#1699 = DIRECTION('',(1.,0.,0.));
#1700 = DIRECTION('',(0.,-1.,0.));
#1701 = FACE_BOUND('',#1702,.F.);
#1702 = EDGE_LOOP('',(#1703));
#1703 = ORIENTED_EDGE('',*,*,#1704,.F.);
#1704 = EDGE_CURVE('',#1705,#1705,#1707,.T.);
#1705 = VERTEX_POINT('',#1706);
#1706 = CARTESIAN_POINT('',(-31.21320343559,-24.84924240491,15.));
#1707 = ELLIPSE('',#1708,6.363961030679,4.5);
#1708 = AXIS2_PLACEMENT_3D('',#1709,#1710,#1711);
#1709 = CARTESIAN_POINT('',(-31.21320343559,-31.21320343559,15.));
#1710 = DIRECTION('',(1.,0.,0.));
#1711 = DIRECTION('',(0.,1.,0.));
#1712 = PLANE('',#1713);
#1713 = AXIS2_PLACEMENT_3D('',#1714,#1715,#1716);
#1714 = CARTESIAN_POINT('',(-31.21320343559,53.,5.));
#1715 = DIRECTION('',(1.,0.,0.));
#1716 = DIRECTION('',(0.,-1.,0.));
#1717 = ADVANCED_FACE('',(#1718,#1729,#1740,#1751),#1762,.F.);
#1718 = FACE_BOUND('',#1719,.F.);
#1719 = EDGE_LOOP('',(#1720,#1721,#1722,#1728));
#1720 = ORIENTED_EDGE('',*,*,#1568,.T.);
#1721 = ORIENTED_EDGE('',*,*,#995,.T.);
#1722 = ORIENTED_EDGE('',*,*,#1723,.F.);
#1723 = EDGE_CURVE('',#685,#996,#1724,.T.);
#1724 = LINE('',#1725,#1726);
#1725 = CARTESIAN_POINT('',(-19.79898987322,-1.414213562373,5.));
#1726 = VECTOR('',#1727,1.);
#1727 = DIRECTION('',(0.,0.,1.));
#1728 = ORIENTED_EDGE('',*,*,#692,.T.);
#1729 = FACE_BOUND('',#1730,.F.);
#1730 = EDGE_LOOP('',(#1731));
#1731 = ORIENTED_EDGE('',*,*,#1732,.T.);
#1732 = EDGE_CURVE('',#1733,#1733,#1735,.T.);
#1733 = VERTEX_POINT('',#1734);
#1734 = CARTESIAN_POINT('',(-12.55114536606,-8.662058069535,55.));
#1735 = CIRCLE('',#1736,2.75);
#1736 = AXIS2_PLACEMENT_3D('',#1737,#1738,#1739);
#1737 = CARTESIAN_POINT('',(-10.60660171779,-10.60660171779,55.));
#1738 = DIRECTION('',(0.707106781187,0.707106781187,-0.));
#1739 = DIRECTION('',(-0.707106781187,0.707106781187,0.));
#1740 = FACE_BOUND('',#1741,.F.);
#1741 = EDGE_LOOP('',(#1742));
#1742 = ORIENTED_EDGE('',*,*,#1743,.T.);
#1743 = EDGE_CURVE('',#1744,#1744,#1746,.T.);
#1744 = VERTEX_POINT('',#1745);
#1745 = CARTESIAN_POINT('',(-12.55114536606,-8.662058069535,35.));
#1746 = CIRCLE('',#1747,2.75);
#1747 = AXIS2_PLACEMENT_3D('',#1748,#1749,#1750);
#1748 = CARTESIAN_POINT('',(-10.60660171779,-10.60660171779,35.));
#1749 = DIRECTION('',(0.707106781187,0.707106781187,-0.));
#1750 = DIRECTION('',(-0.707106781187,0.707106781187,0.));
#1751 = FACE_BOUND('',#1752,.F.);
#1752 = EDGE_LOOP('',(#1753));
#1753 = ORIENTED_EDGE('',*,*,#1754,.T.);
#1754 = EDGE_CURVE('',#1755,#1755,#1757,.T.);
#1755 = VERTEX_POINT('',#1756);
#1756 = CARTESIAN_POINT('',(-12.55114536606,-8.662058069535,15.));
#1757 = CIRCLE('',#1758,2.75);
#1758 = AXIS2_PLACEMENT_3D('',#1759,#1760,#1761);
#1759 = CARTESIAN_POINT('',(-10.60660171779,-10.60660171779,15.));
#1760 = DIRECTION('',(0.707106781187,0.707106781187,-0.));
#1761 = DIRECTION('',(-0.707106781187,0.707106781187,0.));
#1762 = PLANE('',#1763);
#1763 = AXIS2_PLACEMENT_3D('',#1764,#1765,#1766);
#1764 = CARTESIAN_POINT('',(-1.401396253041,-19.81180718255,5.));
#1765 = DIRECTION('',(-0.707106781187,-0.707106781187,0.));
#1766 = DIRECTION('',(-0.707106781187,0.707106781187,0.));
#1767 = ADVANCED_FACE('',(#1768),#1779,.F.);
#1768 = FACE_BOUND('',#1769,.F.);
#1769 = EDGE_LOOP('',(#1770,#1776,#1777,#1778));
#1770 = ORIENTED_EDGE('',*,*,#1771,.T.);
#1771 = EDGE_CURVE('',#710,#946,#1772,.T.);
#1772 = LINE('',#1773,#1774);
#1773 = CARTESIAN_POINT('',(-1.388579474919,22.627300305654,5.));
#1774 = VECTOR('',#1775,1.);
#1775 = DIRECTION('',(0.,0.,1.));
#1776 = ORIENTED_EDGE('',*,*,#954,.T.);
#1777 = ORIENTED_EDGE('',*,*,#1638,.F.);
#1778 = ORIENTED_EDGE('',*,*,#709,.T.);
#1779 = PLANE('',#1780);
#1780 = AXIS2_PLACEMENT_3D('',#1781,#1782,#1783);
#1781 = CARTESIAN_POINT('',(-1.388579474919,22.627300305654,5.));
#1782 = DIRECTION('',(-0.713515170247,-0.700639780363,0.));
#1783 = DIRECTION('',(-0.700639780363,0.713515170247,0.));
#1784 = ADVANCED_FACE('',(#1785),#1796,.F.);
#1785 = FACE_BOUND('',#1786,.T.);
#1786 = EDGE_LOOP('',(#1787,#1793,#1794,#1795));
#1787 = ORIENTED_EDGE('',*,*,#1788,.T.);
#1788 = EDGE_CURVE('',#733,#938,#1789,.T.);
#1789 = LINE('',#1790,#1791);
#1790 = CARTESIAN_POINT('',(-19.79898987322,1.414213562373,5.));
#1791 = VECTOR('',#1792,1.);
#1792 = DIRECTION('',(0.,0.,1.));
#1793 = ORIENTED_EDGE('',*,*,#1003,.T.);
#1794 = ORIENTED_EDGE('',*,*,#1723,.F.);
#1795 = ORIENTED_EDGE('',*,*,#740,.F.);
#1796 = CYLINDRICAL_SURFACE('',#1797,2.);
#1797 = AXIS2_PLACEMENT_3D('',#1798,#1799,#1800);
#1798 = CARTESIAN_POINT('',(-18.38477631085,-1.58E-13,5.));
#1799 = DIRECTION('',(-0.,-0.,-1.));
#1800 = DIRECTION('',(1.,0.,0.));
#1801 = ADVANCED_FACE('',(#1802),#1813,.T.);
#1802 = FACE_BOUND('',#1803,.F.);
#1803 = EDGE_LOOP('',(#1804,#1810,#1811,#1812));
#1804 = ORIENTED_EDGE('',*,*,#1805,.T.);
#1805 = EDGE_CURVE('',#758,#936,#1806,.T.);
#1806 = LINE('',#1807,#1808);
#1807 = CARTESIAN_POINT('',(-1.401396253041,19.811807182556,5.));
#1808 = VECTOR('',#1809,1.);
#1809 = DIRECTION('',(0.,0.,1.));
#1810 = ORIENTED_EDGE('',*,*,#945,.T.);
#1811 = ORIENTED_EDGE('',*,*,#1771,.F.);
#1812 = ORIENTED_EDGE('',*,*,#765,.F.);
#1813 = CYLINDRICAL_SURFACE('',#1814,2.);
#1814 = AXIS2_PLACEMENT_3D('',#1815,#1816,#1817);
#1815 = CARTESIAN_POINT('',(-2.815609815414,21.226020744929,5.));
#1816 = DIRECTION('',(-0.,-0.,-1.));
#1817 = DIRECTION('',(1.,0.,0.));
#1818 = ADVANCED_FACE('',(#1819,#1825,#1836,#1847),#1858,.T.);
#1819 = FACE_BOUND('',#1820,.T.);
#1820 = EDGE_LOOP('',(#1821,#1822,#1823,#1824));
#1821 = ORIENTED_EDGE('',*,*,#1805,.T.);
#1822 = ORIENTED_EDGE('',*,*,#935,.T.);
#1823 = ORIENTED_EDGE('',*,*,#1788,.F.);
#1824 = ORIENTED_EDGE('',*,*,#783,.F.);
#1825 = FACE_BOUND('',#1826,.T.);
#1826 = EDGE_LOOP('',(#1827));
#1827 = ORIENTED_EDGE('',*,*,#1828,.F.);
#1828 = EDGE_CURVE('',#1829,#1829,#1831,.T.);
#1829 = VERTEX_POINT('',#1830);
#1830 = CARTESIAN_POINT('',(-8.662058069535,12.551145366061,55.));
#1831 = CIRCLE('',#1832,2.75);
#1832 = AXIS2_PLACEMENT_3D('',#1833,#1834,#1835);
#1833 = CARTESIAN_POINT('',(-10.60660171779,10.606601717798,55.));
#1834 = DIRECTION('',(0.707106781187,-0.707106781187,0.));
#1835 = DIRECTION('',(0.707106781187,0.707106781187,0.));
#1836 = FACE_BOUND('',#1837,.T.);
#1837 = EDGE_LOOP('',(#1838));
#1838 = ORIENTED_EDGE('',*,*,#1839,.F.);
#1839 = EDGE_CURVE('',#1840,#1840,#1842,.T.);
#1840 = VERTEX_POINT('',#1841);
#1841 = CARTESIAN_POINT('',(-8.662058069535,12.551145366061,35.));
#1842 = CIRCLE('',#1843,2.75);
#1843 = AXIS2_PLACEMENT_3D('',#1844,#1845,#1846);
#1844 = CARTESIAN_POINT('',(-10.60660171779,10.606601717798,35.));
#1845 = DIRECTION('',(0.707106781187,-0.707106781187,0.));
#1846 = DIRECTION('',(0.707106781187,0.707106781187,0.));
#1847 = FACE_BOUND('',#1848,.T.);
#1848 = EDGE_LOOP('',(#1849));
#1849 = ORIENTED_EDGE('',*,*,#1850,.F.);
#1850 = EDGE_CURVE('',#1851,#1851,#1853,.T.);
#1851 = VERTEX_POINT('',#1852);
#1852 = CARTESIAN_POINT('',(-8.662058069535,12.551145366061,15.));
#1853 = CIRCLE('',#1854,2.75);
#1854 = AXIS2_PLACEMENT_3D('',#1855,#1856,#1857);
#1855 = CARTESIAN_POINT('',(-10.60660171779,10.606601717798,15.));
#1856 = DIRECTION('',(0.707106781187,-0.707106781187,0.));
#1857 = DIRECTION('',(0.707106781187,0.707106781187,0.));
#1858 = PLANE('',#1859);
#1859 = AXIS2_PLACEMENT_3D('',#1860,#1861,#1862);
#1860 = CARTESIAN_POINT('',(-1.401396253041,19.811807182556,5.));
#1861 = DIRECTION('',(0.707106781187,-0.707106781187,0.));
#1862 = DIRECTION('',(-0.707106781187,-0.707106781187,0.));
#1863 = ADVANCED_FACE('',(#1864,#1872),#1883,.F.);
#1864 = FACE_BOUND('',#1865,.F.);
#1865 = EDGE_LOOP('',(#1866,#1867,#1868,#1869,#1870,#1871));
#1866 = ORIENTED_EDGE('',*,*,#1262,.F.);
#1867 = ORIENTED_EDGE('',*,*,#1142,.F.);
#1868 = ORIENTED_EDGE('',*,*,#1173,.F.);
#1869 = ORIENTED_EDGE('',*,*,#1197,.F.);
#1870 = ORIENTED_EDGE('',*,*,#1221,.F.);
#1871 = ORIENTED_EDGE('',*,*,#1245,.F.);
#1872 = FACE_BOUND('',#1873,.F.);
#1873 = EDGE_LOOP('',(#1874));
#1874 = ORIENTED_EDGE('',*,*,#1875,.T.);
#1875 = EDGE_CURVE('',#1876,#1876,#1878,.T.);
#1876 = VERTEX_POINT('',#1877);
#1877 = CARTESIAN_POINT('',(-35.21320343559,-50.,59.75));
#1878 = CIRCLE('',#1879,2.25);
#1879 = AXIS2_PLACEMENT_3D('',#1880,#1881,#1882);
#1880 = CARTESIAN_POINT('',(-37.46320343559,-50.,59.75));
#1881 = DIRECTION('',(0.,-1.,2.2E-16));
#1882 = DIRECTION('',(1.,0.,0.));
#1883 = PLANE('',#1884);
#1884 = AXIS2_PLACEMENT_3D('',#1885,#1886,#1887);
#1885 = CARTESIAN_POINT('',(-53.62987010226,-50.,28.083333333333));
#1886 = DIRECTION('',(0.,1.,-2.8E-16));
#1887 = DIRECTION('',(0.,2.8E-16,1.));
#1888 = ADVANCED_FACE('',(#1889,#1897),#1908,.F.);
#1889 = FACE_BOUND('',#1890,.F.);
#1890 = EDGE_LOOP('',(#1891,#1892,#1893,#1894,#1895,#1896));
#1891 = ORIENTED_EDGE('',*,*,#1406,.F.);
#1892 = ORIENTED_EDGE('',*,*,#1286,.F.);
#1893 = ORIENTED_EDGE('',*,*,#1317,.F.);
#1894 = ORIENTED_EDGE('',*,*,#1341,.F.);
#1895 = ORIENTED_EDGE('',*,*,#1365,.F.);
#1896 = ORIENTED_EDGE('',*,*,#1389,.F.);
#1897 = FACE_BOUND('',#1898,.F.);
#1898 = EDGE_LOOP('',(#1899));
#1899 = ORIENTED_EDGE('',*,*,#1900,.T.);
#1900 = EDGE_CURVE('',#1901,#1901,#1903,.T.);
#1901 = VERTEX_POINT('',#1902);
#1902 = CARTESIAN_POINT('',(-83.71320343559,-50.,12.25));
#1903 = CIRCLE('',#1904,2.25);
#1904 = AXIS2_PLACEMENT_3D('',#1905,#1906,#1907);
#1905 = CARTESIAN_POINT('',(-85.96320343559,-50.,12.25));
#1906 = DIRECTION('',(0.,-1.,2.2E-16));
#1907 = DIRECTION('',(1.,0.,0.));
#1908 = PLANE('',#1909);
#1909 = AXIS2_PLACEMENT_3D('',#1910,#1911,#1912);
#1910 = CARTESIAN_POINT('',(-53.62987010226,-50.,28.083333333333));
#1911 = DIRECTION('',(0.,1.,-2.8E-16));
#1912 = DIRECTION('',(0.,2.8E-16,1.));
#1913 = ADVANCED_FACE('',(#1914,#1922),#1933,.F.);
#1914 = FACE_BOUND('',#1915,.F.);
#1915 = EDGE_LOOP('',(#1916,#1917,#1918,#1919,#1920,#1921));
#1916 = ORIENTED_EDGE('',*,*,#1550,.F.);
#1917 = ORIENTED_EDGE('',*,*,#1430,.F.);
#1918 = ORIENTED_EDGE('',*,*,#1461,.F.);
#1919 = ORIENTED_EDGE('',*,*,#1485,.F.);
#1920 = ORIENTED_EDGE('',*,*,#1509,.F.);
#1921 = ORIENTED_EDGE('',*,*,#1533,.F.);
#1922 = FACE_BOUND('',#1923,.F.);
#1923 = EDGE_LOOP('',(#1924));
#1924 = ORIENTED_EDGE('',*,*,#1925,.T.);
#1925 = EDGE_CURVE('',#1926,#1926,#1928,.T.);
#1926 = VERTEX_POINT('',#1927);
#1927 = CARTESIAN_POINT('',(-35.21320343559,-50.,12.25));
#1928 = CIRCLE('',#1929,2.25);
#1929 = AXIS2_PLACEMENT_3D('',#1930,#1931,#1932);
#1930 = CARTESIAN_POINT('',(-37.46320343559,-50.,12.25));
#1931 = DIRECTION('',(0.,-1.,2.2E-16));
#1932 = DIRECTION('',(1.,0.,0.));
#1933 = PLANE('',#1934);
#1934 = AXIS2_PLACEMENT_3D('',#1935,#1936,#1937);
#1935 = CARTESIAN_POINT('',(-53.62987010226,-50.,28.083333333333));
#1936 = DIRECTION('',(0.,1.,-2.8E-16));
#1937 = DIRECTION('',(0.,2.8E-16,1.));
#1938 = ADVANCED_FACE('',(#1939),#1950,.F.);
#1939 = FACE_BOUND('',#1940,.F.);
#1940 = EDGE_LOOP('',(#1941,#1942,#1948,#1949));
#1941 = ORIENTED_EDGE('',*,*,#1875,.F.);
#1942 = ORIENTED_EDGE('',*,*,#1943,.T.);
#1943 = EDGE_CURVE('',#1876,#1600,#1944,.T.);
#1944 = LINE('',#1945,#1946);
#1945 = CARTESIAN_POINT('',(-35.21320343559,-53.,59.75));
#1946 = VECTOR('',#1947,1.);
#1947 = DIRECTION('',(0.,1.,-2.2E-16));
#1948 = ORIENTED_EDGE('',*,*,#1599,.T.);
#1949 = ORIENTED_EDGE('',*,*,#1943,.F.);
#1950 = CYLINDRICAL_SURFACE('',#1951,2.25);
#1951 = AXIS2_PLACEMENT_3D('',#1952,#1953,#1954);
#1952 = CARTESIAN_POINT('',(-37.46320343559,-53.,59.75));
#1953 = DIRECTION('',(0.,-1.,2.2E-16));
#1954 = DIRECTION('',(1.,0.,0.));
#1955 = ADVANCED_FACE('',(#1956),#1967,.F.);
#1956 = FACE_BOUND('',#1957,.F.);
#1957 = EDGE_LOOP('',(#1958,#1959,#1965,#1966));
#1958 = ORIENTED_EDGE('',*,*,#1925,.F.);
#1959 = ORIENTED_EDGE('',*,*,#1960,.T.);
#1960 = EDGE_CURVE('',#1926,#1611,#1961,.T.);
#1961 = LINE('',#1962,#1963);
#1962 = CARTESIAN_POINT('',(-35.21320343559,-53.,12.25));
#1963 = VECTOR('',#1964,1.);
#1964 = DIRECTION('',(0.,1.,-2.2E-16));
#1965 = ORIENTED_EDGE('',*,*,#1610,.T.);
#1966 = ORIENTED_EDGE('',*,*,#1960,.F.);
#1967 = CYLINDRICAL_SURFACE('',#1968,2.25);
#1968 = AXIS2_PLACEMENT_3D('',#1969,#1970,#1971);
#1969 = CARTESIAN_POINT('',(-37.46320343559,-53.,12.25));
#1970 = DIRECTION('',(0.,-1.,2.2E-16));
#1971 = DIRECTION('',(1.,0.,0.));
#1972 = ADVANCED_FACE('',(#1973),#1984,.F.);
#1973 = FACE_BOUND('',#1974,.F.);
#1974 = EDGE_LOOP('',(#1975,#1976,#1982,#1983));
#1975 = ORIENTED_EDGE('',*,*,#1900,.F.);
#1976 = ORIENTED_EDGE('',*,*,#1977,.T.);
#1977 = EDGE_CURVE('',#1901,#1622,#1978,.T.);
#1978 = LINE('',#1979,#1980);
#1979 = CARTESIAN_POINT('',(-83.71320343559,-53.,12.25));
#1980 = VECTOR('',#1981,1.);
#1981 = DIRECTION('',(0.,1.,-2.2E-16));
#1982 = ORIENTED_EDGE('',*,*,#1621,.T.);
#1983 = ORIENTED_EDGE('',*,*,#1977,.F.);
#1984 = CYLINDRICAL_SURFACE('',#1985,2.25);
#1985 = AXIS2_PLACEMENT_3D('',#1986,#1987,#1988);
#1986 = CARTESIAN_POINT('',(-85.96320343559,-53.,12.25));
#1987 = DIRECTION('',(0.,-1.,2.2E-16));
#1988 = DIRECTION('',(1.,0.,0.));
#1989 = ADVANCED_FACE('',(#1990),#2009,.F.);
#1990 = FACE_BOUND('',#1991,.F.);
#1991 = EDGE_LOOP('',(#1992,#2000,#2007,#2008));
#1992 = ORIENTED_EDGE('',*,*,#1993,.F.);
#1993 = EDGE_CURVE('',#1994,#1650,#1996,.T.);
#1994 = VERTEX_POINT('',#1995);
#1995 = CARTESIAN_POINT('',(-10.96015510839,17.32411613907,55.));
#1996 = LINE('',#1997,#1998);
#1997 = CARTESIAN_POINT('',(-10.96015510839,17.32411613907,55.));
#1998 = VECTOR('',#1999,1.);
#1999 = DIRECTION('',(-0.707106781187,0.707106781187,0.));
#2000 = ORIENTED_EDGE('',*,*,#2001,.F.);
#2001 = EDGE_CURVE('',#1994,#1994,#2002,.T.);
#2002 = CIRCLE('',#2003,4.5);
#2003 = AXIS2_PLACEMENT_3D('',#2004,#2005,#2006);
#2004 = CARTESIAN_POINT('',(-14.14213562373,14.142135623731,55.));
#2005 = DIRECTION('',(0.707106781187,-0.707106781187,0.));
#2006 = DIRECTION('',(0.707106781187,0.707106781187,0.));
#2007 = ORIENTED_EDGE('',*,*,#1993,.T.);
#2008 = ORIENTED_EDGE('',*,*,#1649,.T.);
#2009 = CYLINDRICAL_SURFACE('',#2010,4.5);
#2010 = AXIS2_PLACEMENT_3D('',#2011,#2012,#2013);
#2011 = CARTESIAN_POINT('',(-14.14213562373,14.142135623731,55.));
#2012 = DIRECTION('',(0.707106781187,-0.707106781187,0.));
#2013 = DIRECTION('',(0.707106781187,0.707106781187,0.));
#2014 = ADVANCED_FACE('',(#2015),#2034,.F.);
#2015 = FACE_BOUND('',#2016,.F.);
#2016 = EDGE_LOOP('',(#2017,#2025,#2032,#2033));
#2017 = ORIENTED_EDGE('',*,*,#2018,.F.);
#2018 = EDGE_CURVE('',#2019,#1661,#2021,.T.);
#2019 = VERTEX_POINT('',#2020);
#2020 = CARTESIAN_POINT('',(-10.96015510839,17.32411613907,35.));
#2021 = LINE('',#2022,#2023);
#2022 = CARTESIAN_POINT('',(-10.96015510839,17.32411613907,35.));
#2023 = VECTOR('',#2024,1.);
#2024 = DIRECTION('',(-0.707106781187,0.707106781187,0.));
#2025 = ORIENTED_EDGE('',*,*,#2026,.F.);
#2026 = EDGE_CURVE('',#2019,#2019,#2027,.T.);
#2027 = CIRCLE('',#2028,4.5);
#2028 = AXIS2_PLACEMENT_3D('',#2029,#2030,#2031);
#2029 = CARTESIAN_POINT('',(-14.14213562373,14.142135623731,35.));
#2030 = DIRECTION('',(0.707106781187,-0.707106781187,0.));
#2031 = DIRECTION('',(0.707106781187,0.707106781187,0.));
#2032 = ORIENTED_EDGE('',*,*,#2018,.T.);
#2033 = ORIENTED_EDGE('',*,*,#1660,.T.);
#2034 = CYLINDRICAL_SURFACE('',#2035,4.5);
#2035 = AXIS2_PLACEMENT_3D('',#2036,#2037,#2038);
#2036 = CARTESIAN_POINT('',(-14.14213562373,14.142135623731,35.));
#2037 = DIRECTION('',(0.707106781187,-0.707106781187,0.));
#2038 = DIRECTION('',(0.707106781187,0.707106781187,0.));
#2039 = ADVANCED_FACE('',(#2040),#2059,.F.);
#2040 = FACE_BOUND('',#2041,.F.);
#2041 = EDGE_LOOP('',(#2042,#2050,#2057,#2058));
#2042 = ORIENTED_EDGE('',*,*,#2043,.F.);
#2043 = EDGE_CURVE('',#2044,#1672,#2046,.T.);
#2044 = VERTEX_POINT('',#2045);
#2045 = CARTESIAN_POINT('',(-17.32411613907,-10.96015510839,55.));
#2046 = LINE('',#2047,#2048);
#2047 = CARTESIAN_POINT('',(-17.32411613907,-10.96015510839,55.));
#2048 = VECTOR('',#2049,1.);
#2049 = DIRECTION('',(-0.707106781187,-0.707106781187,-0.));
#2050 = ORIENTED_EDGE('',*,*,#2051,.F.);
#2051 = EDGE_CURVE('',#2044,#2044,#2052,.T.);
#2052 = CIRCLE('',#2053,4.5);
#2053 = AXIS2_PLACEMENT_3D('',#2054,#2055,#2056);
#2054 = CARTESIAN_POINT('',(-14.14213562373,-14.14213562373,55.));
#2055 = DIRECTION('',(0.707106781187,0.707106781187,-0.));
#2056 = DIRECTION('',(-0.707106781187,0.707106781187,0.));
#2057 = ORIENTED_EDGE('',*,*,#2043,.T.);
#2058 = ORIENTED_EDGE('',*,*,#1671,.T.);
#2059 = CYLINDRICAL_SURFACE('',#2060,4.5);
#2060 = AXIS2_PLACEMENT_3D('',#2061,#2062,#2063);
#2061 = CARTESIAN_POINT('',(-14.14213562373,-14.14213562373,55.));
#2062 = DIRECTION('',(0.707106781187,0.707106781187,0.));
#2063 = DIRECTION('',(-0.707106781187,0.707106781187,0.));
#2064 = ADVANCED_FACE('',(#2065),#2084,.F.);
#2065 = FACE_BOUND('',#2066,.F.);
#2066 = EDGE_LOOP('',(#2067,#2075,#2082,#2083));
#2067 = ORIENTED_EDGE('',*,*,#2068,.F.);
#2068 = EDGE_CURVE('',#2069,#1683,#2071,.T.);
#2069 = VERTEX_POINT('',#2070);
#2070 = CARTESIAN_POINT('',(-17.32411613907,-10.96015510839,35.));
#2071 = LINE('',#2072,#2073);
#2072 = CARTESIAN_POINT('',(-17.32411613907,-10.96015510839,35.));
#2073 = VECTOR('',#2074,1.);
#2074 = DIRECTION('',(-0.707106781187,-0.707106781187,-0.));
#2075 = ORIENTED_EDGE('',*,*,#2076,.F.);
#2076 = EDGE_CURVE('',#2069,#2069,#2077,.T.);
#2077 = CIRCLE('',#2078,4.5);
#2078 = AXIS2_PLACEMENT_3D('',#2079,#2080,#2081);
#2079 = CARTESIAN_POINT('',(-14.14213562373,-14.14213562373,35.));
#2080 = DIRECTION('',(0.707106781187,0.707106781187,-0.));
#2081 = DIRECTION('',(-0.707106781187,0.707106781187,0.));
#2082 = ORIENTED_EDGE('',*,*,#2068,.T.);
#2083 = ORIENTED_EDGE('',*,*,#1682,.T.);
#2084 = CYLINDRICAL_SURFACE('',#2085,4.5);
#2085 = AXIS2_PLACEMENT_3D('',#2086,#2087,#2088);
#2086 = CARTESIAN_POINT('',(-14.14213562373,-14.14213562373,35.));
#2087 = DIRECTION('',(0.707106781187,0.707106781187,0.));
#2088 = DIRECTION('',(-0.707106781187,0.707106781187,0.));
#2089 = ADVANCED_FACE('',(#2090),#2109,.F.);
#2090 = FACE_BOUND('',#2091,.F.);
#2091 = EDGE_LOOP('',(#2092,#2100,#2107,#2108));
#2092 = ORIENTED_EDGE('',*,*,#2093,.F.);
#2093 = EDGE_CURVE('',#2094,#1694,#2096,.T.);
#2094 = VERTEX_POINT('',#2095);
#2095 = CARTESIAN_POINT('',(-10.96015510839,17.32411613907,15.));
#2096 = LINE('',#2097,#2098);
#2097 = CARTESIAN_POINT('',(-10.96015510839,17.32411613907,15.));
#2098 = VECTOR('',#2099,1.);
#2099 = DIRECTION('',(-0.707106781187,0.707106781187,0.));
#2100 = ORIENTED_EDGE('',*,*,#2101,.F.);
#2101 = EDGE_CURVE('',#2094,#2094,#2102,.T.);
#2102 = CIRCLE('',#2103,4.5);
#2103 = AXIS2_PLACEMENT_3D('',#2104,#2105,#2106);
#2104 = CARTESIAN_POINT('',(-14.14213562373,14.142135623731,15.));
#2105 = DIRECTION('',(0.707106781187,-0.707106781187,0.));
#2106 = DIRECTION('',(0.707106781187,0.707106781187,0.));
#2107 = ORIENTED_EDGE('',*,*,#2093,.T.);
#2108 = ORIENTED_EDGE('',*,*,#1693,.T.);
#2109 = CYLINDRICAL_SURFACE('',#2110,4.5);
#2110 = AXIS2_PLACEMENT_3D('',#2111,#2112,#2113);
#2111 = CARTESIAN_POINT('',(-14.14213562373,14.142135623731,15.));
#2112 = DIRECTION('',(0.707106781187,-0.707106781187,0.));
#2113 = DIRECTION('',(0.707106781187,0.707106781187,0.));
#2114 = ADVANCED_FACE('',(#2115),#2134,.F.);
#2115 = FACE_BOUND('',#2116,.F.);
#2116 = EDGE_LOOP('',(#2117,#2125,#2132,#2133));
#2117 = ORIENTED_EDGE('',*,*,#2118,.F.);
#2118 = EDGE_CURVE('',#2119,#1705,#2121,.T.);
#2119 = VERTEX_POINT('',#2120);
#2120 = CARTESIAN_POINT('',(-17.32411613907,-10.96015510839,15.));
#2121 = LINE('',#2122,#2123);
#2122 = CARTESIAN_POINT('',(-17.32411613907,-10.96015510839,15.));
#2123 = VECTOR('',#2124,1.);
#2124 = DIRECTION('',(-0.707106781187,-0.707106781187,-0.));
#2125 = ORIENTED_EDGE('',*,*,#2126,.F.);
#2126 = EDGE_CURVE('',#2119,#2119,#2127,.T.);
#2127 = CIRCLE('',#2128,4.5);
#2128 = AXIS2_PLACEMENT_3D('',#2129,#2130,#2131);
#2129 = CARTESIAN_POINT('',(-14.14213562373,-14.14213562373,15.));
#2130 = DIRECTION('',(0.707106781187,0.707106781187,-0.));
#2131 = DIRECTION('',(-0.707106781187,0.707106781187,0.));
#2132 = ORIENTED_EDGE('',*,*,#2118,.T.);
#2133 = ORIENTED_EDGE('',*,*,#1704,.T.);
#2134 = CYLINDRICAL_SURFACE('',#2135,4.5);
#2135 = AXIS2_PLACEMENT_3D('',#2136,#2137,#2138);
#2136 = CARTESIAN_POINT('',(-14.14213562373,-14.14213562373,15.));
#2137 = DIRECTION('',(0.707106781187,0.707106781187,0.));
#2138 = DIRECTION('',(-0.707106781187,0.707106781187,0.));
#2139 = ADVANCED_FACE('',(#2140),#2159,.F.);
#2140 = FACE_BOUND('',#2141,.F.);
#2141 = EDGE_LOOP('',(#2142,#2143,#2151,#2158));
#2142 = ORIENTED_EDGE('',*,*,#1732,.F.);
#2143 = ORIENTED_EDGE('',*,*,#2144,.T.);
#2144 = EDGE_CURVE('',#1733,#2145,#2147,.T.);
#2145 = VERTEX_POINT('',#2146);
#2146 = CARTESIAN_POINT('',(-16.08667927199,-12.19759197546,55.));
#2147 = LINE('',#2148,#2149);
#2148 = CARTESIAN_POINT('',(-12.55114536606,-8.662058069535,55.));
#2149 = VECTOR('',#2150,1.);
#2150 = DIRECTION('',(-0.707106781187,-0.707106781187,-0.));
#2151 = ORIENTED_EDGE('',*,*,#2152,.T.);
#2152 = EDGE_CURVE('',#2145,#2145,#2153,.T.);
#2153 = CIRCLE('',#2154,2.75);
#2154 = AXIS2_PLACEMENT_3D('',#2155,#2156,#2157);
#2155 = CARTESIAN_POINT('',(-14.14213562373,-14.14213562373,55.));
#2156 = DIRECTION('',(0.707106781187,0.707106781187,-0.));
#2157 = DIRECTION('',(-0.707106781187,0.707106781187,0.));
#2158 = ORIENTED_EDGE('',*,*,#2144,.F.);
#2159 = CYLINDRICAL_SURFACE('',#2160,2.75);
#2160 = AXIS2_PLACEMENT_3D('',#2161,#2162,#2163);
#2161 = CARTESIAN_POINT('',(-10.60660171779,-10.60660171779,55.));
#2162 = DIRECTION('',(0.707106781187,0.707106781187,0.));
#2163 = DIRECTION('',(-0.707106781187,0.707106781187,0.));
#2164 = ADVANCED_FACE('',(#2165),#2184,.F.);
#2165 = FACE_BOUND('',#2166,.F.);
#2166 = EDGE_LOOP('',(#2167,#2168,#2176,#2183));
#2167 = ORIENTED_EDGE('',*,*,#1743,.F.);
#2168 = ORIENTED_EDGE('',*,*,#2169,.T.);
#2169 = EDGE_CURVE('',#1744,#2170,#2172,.T.);
#2170 = VERTEX_POINT('',#2171);
#2171 = CARTESIAN_POINT('',(-16.08667927199,-12.19759197546,35.));
#2172 = LINE('',#2173,#2174);
#2173 = CARTESIAN_POINT('',(-12.55114536606,-8.662058069535,35.));
#2174 = VECTOR('',#2175,1.);
#2175 = DIRECTION('',(-0.707106781187,-0.707106781187,-0.));
#2176 = ORIENTED_EDGE('',*,*,#2177,.T.);
#2177 = EDGE_CURVE('',#2170,#2170,#2178,.T.);
#2178 = CIRCLE('',#2179,2.75);
#2179 = AXIS2_PLACEMENT_3D('',#2180,#2181,#2182);
#2180 = CARTESIAN_POINT('',(-14.14213562373,-14.14213562373,35.));
#2181 = DIRECTION('',(0.707106781187,0.707106781187,-0.));
#2182 = DIRECTION('',(-0.707106781187,0.707106781187,0.));
#2183 = ORIENTED_EDGE('',*,*,#2169,.F.);
#2184 = CYLINDRICAL_SURFACE('',#2185,2.75);
#2185 = AXIS2_PLACEMENT_3D('',#2186,#2187,#2188);
#2186 = CARTESIAN_POINT('',(-10.60660171779,-10.60660171779,35.));
#2187 = DIRECTION('',(0.707106781187,0.707106781187,0.));
#2188 = DIRECTION('',(-0.707106781187,0.707106781187,0.));
#2189 = ADVANCED_FACE('',(#2190),#2209,.F.);
#2190 = FACE_BOUND('',#2191,.F.);
#2191 = EDGE_LOOP('',(#2192,#2193,#2201,#2208));
#2192 = ORIENTED_EDGE('',*,*,#1754,.F.);
#2193 = ORIENTED_EDGE('',*,*,#2194,.T.);
#2194 = EDGE_CURVE('',#1755,#2195,#2197,.T.);
#2195 = VERTEX_POINT('',#2196);
#2196 = CARTESIAN_POINT('',(-16.08667927199,-12.19759197546,15.));
#2197 = LINE('',#2198,#2199);
#2198 = CARTESIAN_POINT('',(-12.55114536606,-8.662058069535,15.));
#2199 = VECTOR('',#2200,1.);
#2200 = DIRECTION('',(-0.707106781187,-0.707106781187,-0.));
#2201 = ORIENTED_EDGE('',*,*,#2202,.T.);
#2202 = EDGE_CURVE('',#2195,#2195,#2203,.T.);
#2203 = CIRCLE('',#2204,2.75);
#2204 = AXIS2_PLACEMENT_3D('',#2205,#2206,#2207);
#2205 = CARTESIAN_POINT('',(-14.14213562373,-14.14213562373,15.));
#2206 = DIRECTION('',(0.707106781187,0.707106781187,-0.));
#2207 = DIRECTION('',(-0.707106781187,0.707106781187,0.));
#2208 = ORIENTED_EDGE('',*,*,#2194,.F.);
#2209 = CYLINDRICAL_SURFACE('',#2210,2.75);
#2210 = AXIS2_PLACEMENT_3D('',#2211,#2212,#2213);
#2211 = CARTESIAN_POINT('',(-10.60660171779,-10.60660171779,15.));
#2212 = DIRECTION('',(0.707106781187,0.707106781187,0.));
#2213 = DIRECTION('',(-0.707106781187,0.707106781187,0.));
#2214 = ADVANCED_FACE('',(#2215),#2234,.F.);
#2215 = FACE_BOUND('',#2216,.F.);
#2216 = EDGE_LOOP('',(#2217,#2218,#2226,#2233));
#2217 = ORIENTED_EDGE('',*,*,#1828,.F.);
#2218 = ORIENTED_EDGE('',*,*,#2219,.T.);
#2219 = EDGE_CURVE('',#1829,#2220,#2222,.T.);
#2220 = VERTEX_POINT('',#2221);
#2221 = CARTESIAN_POINT('',(-12.19759197546,16.086679271994,55.));
#2222 = LINE('',#2223,#2224);
#2223 = CARTESIAN_POINT('',(-8.662058069535,12.551145366061,55.));
#2224 = VECTOR('',#2225,1.);
#2225 = DIRECTION('',(-0.707106781187,0.707106781187,0.));
#2226 = ORIENTED_EDGE('',*,*,#2227,.T.);
#2227 = EDGE_CURVE('',#2220,#2220,#2228,.T.);
#2228 = CIRCLE('',#2229,2.75);
#2229 = AXIS2_PLACEMENT_3D('',#2230,#2231,#2232);
#2230 = CARTESIAN_POINT('',(-14.14213562373,14.142135623731,55.));
#2231 = DIRECTION('',(0.707106781187,-0.707106781187,0.));
#2232 = DIRECTION('',(0.707106781187,0.707106781187,0.));
#2233 = ORIENTED_EDGE('',*,*,#2219,.F.);
#2234 = CYLINDRICAL_SURFACE('',#2235,2.75);
#2235 = AXIS2_PLACEMENT_3D('',#2236,#2237,#2238);
#2236 = CARTESIAN_POINT('',(-10.60660171779,10.606601717798,55.));
#2237 = DIRECTION('',(0.707106781187,-0.707106781187,0.));
#2238 = DIRECTION('',(0.707106781187,0.707106781187,0.));
#2239 = ADVANCED_FACE('',(#2240),#2259,.F.);
#2240 = FACE_BOUND('',#2241,.F.);
#2241 = EDGE_LOOP('',(#2242,#2243,#2251,#2258));
#2242 = ORIENTED_EDGE('',*,*,#1839,.F.);
#2243 = ORIENTED_EDGE('',*,*,#2244,.T.);
#2244 = EDGE_CURVE('',#1840,#2245,#2247,.T.);
#2245 = VERTEX_POINT('',#2246);
#2246 = CARTESIAN_POINT('',(-12.19759197546,16.086679271994,35.));
#2247 = LINE('',#2248,#2249);
#2248 = CARTESIAN_POINT('',(-8.662058069535,12.551145366061,35.));
#2249 = VECTOR('',#2250,1.);
#2250 = DIRECTION('',(-0.707106781187,0.707106781187,0.));
#2251 = ORIENTED_EDGE('',*,*,#2252,.T.);
#2252 = EDGE_CURVE('',#2245,#2245,#2253,.T.);
#2253 = CIRCLE('',#2254,2.75);
#2254 = AXIS2_PLACEMENT_3D('',#2255,#2256,#2257);
#2255 = CARTESIAN_POINT('',(-14.14213562373,14.142135623731,35.));
#2256 = DIRECTION('',(0.707106781187,-0.707106781187,0.));
#2257 = DIRECTION('',(0.707106781187,0.707106781187,0.));
#2258 = ORIENTED_EDGE('',*,*,#2244,.F.);
#2259 = CYLINDRICAL_SURFACE('',#2260,2.75);
#2260 = AXIS2_PLACEMENT_3D('',#2261,#2262,#2263);
#2261 = CARTESIAN_POINT('',(-10.60660171779,10.606601717798,35.));
#2262 = DIRECTION('',(0.707106781187,-0.707106781187,0.));
#2263 = DIRECTION('',(0.707106781187,0.707106781187,0.));
#2264 = ADVANCED_FACE('',(#2265),#2284,.F.);
#2265 = FACE_BOUND('',#2266,.F.);
#2266 = EDGE_LOOP('',(#2267,#2268,#2276,#2283));
#2267 = ORIENTED_EDGE('',*,*,#1850,.F.);
#2268 = ORIENTED_EDGE('',*,*,#2269,.T.);
#2269 = EDGE_CURVE('',#1851,#2270,#2272,.T.);
#2270 = VERTEX_POINT('',#2271);
#2271 = CARTESIAN_POINT('',(-12.19759197546,16.086679271994,15.));
#2272 = LINE('',#2273,#2274);
#2273 = CARTESIAN_POINT('',(-8.662058069535,12.551145366061,15.));
#2274 = VECTOR('',#2275,1.);
#2275 = DIRECTION('',(-0.707106781187,0.707106781187,0.));
#2276 = ORIENTED_EDGE('',*,*,#2277,.T.);
#2277 = EDGE_CURVE('',#2270,#2270,#2278,.T.);
#2278 = CIRCLE('',#2279,2.75);
#2279 = AXIS2_PLACEMENT_3D('',#2280,#2281,#2282);
#2280 = CARTESIAN_POINT('',(-14.14213562373,14.142135623731,15.));
#2281 = DIRECTION('',(0.707106781187,-0.707106781187,0.));
#2282 = DIRECTION('',(0.707106781187,0.707106781187,0.));
#2283 = ORIENTED_EDGE('',*,*,#2269,.F.);
#2284 = CYLINDRICAL_SURFACE('',#2285,2.75);
#2285 = AXIS2_PLACEMENT_3D('',#2286,#2287,#2288);
#2286 = CARTESIAN_POINT('',(-10.60660171779,10.606601717798,15.));
#2287 = DIRECTION('',(0.707106781187,-0.707106781187,0.));
#2288 = DIRECTION('',(0.707106781187,0.707106781187,0.));
#2289 = ADVANCED_FACE('',(#2290,#2293),#2296,.F.);
#2290 = FACE_BOUND('',#2291,.F.);
#2291 = EDGE_LOOP('',(#2292));
#2292 = ORIENTED_EDGE('',*,*,#2001,.T.);
#2293 = FACE_BOUND('',#2294,.F.);
#2294 = EDGE_LOOP('',(#2295));
#2295 = ORIENTED_EDGE('',*,*,#2227,.F.);
#2296 = PLANE('',#2297);
#2297 = AXIS2_PLACEMENT_3D('',#2298,#2299,#2300);
#2298 = CARTESIAN_POINT('',(-14.14213562373,14.142135623731,35.));
#2299 = DIRECTION('',(0.707106781187,-0.707106781187,0.));
#2300 = DIRECTION('',(0.707106781187,0.707106781187,0.));
#2301 = ADVANCED_FACE('',(#2302,#2305),#2308,.F.);
#2302 = FACE_BOUND('',#2303,.F.);
#2303 = EDGE_LOOP('',(#2304));
#2304 = ORIENTED_EDGE('',*,*,#2026,.T.);
#2305 = FACE_BOUND('',#2306,.F.);
#2306 = EDGE_LOOP('',(#2307));
#2307 = ORIENTED_EDGE('',*,*,#2252,.F.);
#2308 = PLANE('',#2309);
#2309 = AXIS2_PLACEMENT_3D('',#2310,#2311,#2312);
#2310 = CARTESIAN_POINT('',(-14.14213562373,14.142135623731,35.));
#2311 = DIRECTION('',(0.707106781187,-0.707106781187,0.));
#2312 = DIRECTION('',(0.707106781187,0.707106781187,0.));
#2313 = ADVANCED_FACE('',(#2314,#2317),#2320,.F.);
#2314 = FACE_BOUND('',#2315,.F.);
#2315 = EDGE_LOOP('',(#2316));
#2316 = ORIENTED_EDGE('',*,*,#2051,.T.);
#2317 = FACE_BOUND('',#2318,.F.);
#2318 = EDGE_LOOP('',(#2319));
#2319 = ORIENTED_EDGE('',*,*,#2152,.F.);
#2320 = PLANE('',#2321);
#2321 = AXIS2_PLACEMENT_3D('',#2322,#2323,#2324);
#2322 = CARTESIAN_POINT('',(-14.14213562373,-14.14213562373,35.));
#2323 = DIRECTION('',(0.707106781187,0.707106781187,0.));
#2324 = DIRECTION('',(-0.707106781187,0.707106781187,0.));
#2325 = ADVANCED_FACE('',(#2326,#2329),#2332,.F.);
#2326 = FACE_BOUND('',#2327,.F.);
#2327 = EDGE_LOOP('',(#2328));
#2328 = ORIENTED_EDGE('',*,*,#2076,.T.);
#2329 = FACE_BOUND('',#2330,.F.);
#2330 = EDGE_LOOP('',(#2331));
#2331 = ORIENTED_EDGE('',*,*,#2177,.F.);
#2332 = PLANE('',#2333);
#2333 = AXIS2_PLACEMENT_3D('',#2334,#2335,#2336);
#2334 = CARTESIAN_POINT('',(-14.14213562373,-14.14213562373,35.));
#2335 = DIRECTION('',(0.707106781187,0.707106781187,0.));
#2336 = DIRECTION('',(-0.707106781187,0.707106781187,0.));
#2337 = ADVANCED_FACE('',(#2338,#2341),#2344,.F.);
#2338 = FACE_BOUND('',#2339,.F.);
#2339 = EDGE_LOOP('',(#2340));
#2340 = ORIENTED_EDGE('',*,*,#2101,.T.);
#2341 = FACE_BOUND('',#2342,.F.);
#2342 = EDGE_LOOP('',(#2343));
#2343 = ORIENTED_EDGE('',*,*,#2277,.F.);
#2344 = PLANE('',#2345);
#2345 = AXIS2_PLACEMENT_3D('',#2346,#2347,#2348);
#2346 = CARTESIAN_POINT('',(-14.14213562373,14.142135623731,35.));
#2347 = DIRECTION('',(0.707106781187,-0.707106781187,0.));
#2348 = DIRECTION('',(0.707106781187,0.707106781187,0.));
#2349 = ADVANCED_FACE('',(#2350,#2353),#2356,.F.);
#2350 = FACE_BOUND('',#2351,.F.);
#2351 = EDGE_LOOP('',(#2352));
#2352 = ORIENTED_EDGE('',*,*,#2126,.T.);
#2353 = FACE_BOUND('',#2354,.F.);
#2354 = EDGE_LOOP('',(#2355));
#2355 = ORIENTED_EDGE('',*,*,#2202,.F.);
#2356 = PLANE('',#2357);
#2357 = AXIS2_PLACEMENT_3D('',#2358,#2359,#2360);
#2358 = CARTESIAN_POINT('',(-14.14213562373,-14.14213562373,35.));
#2359 = DIRECTION('',(0.707106781187,0.707106781187,0.));
#2360 = DIRECTION('',(-0.707106781187,0.707106781187,0.));
#2361 = ( GEOMETRIC_REPRESENTATION_CONTEXT(3) 
GLOBAL_UNCERTAINTY_ASSIGNED_CONTEXT((#2365)) 
GLOBAL_UNIT_ASSIGNED_CONTEXT((#2362,#2363,#2364)) REPRESENTATION_CONTEXT
('Context #1','3D Context with UNIT and UNCERTAINTY') );
#2362 = ( LENGTH_UNIT() NAMED_UNIT(*) SI_UNIT(.MILLI.,.METRE.) );
#2363 = ( NAMED_UNIT(*) PLANE_ANGLE_UNIT() SI_UNIT($,.RADIAN.) );
#2364 = ( NAMED_UNIT(*) SI_UNIT($,.STERADIAN.) SOLID_ANGLE_UNIT() );
#2365 = UNCERTAINTY_MEASURE_WITH_UNIT(LENGTH_MEASURE(1.E-05),#2362,
  'distance_accuracy_value','confusion accuracy');
#2366 = PRODUCT_RELATED_PRODUCT_CATEGORY('part',$,(#7));
#2367 = MECHANICAL_DESIGN_GEOMETRIC_PRESENTATION_REPRESENTATION('',(
    #2368),#2361);
#2368 = STYLED_ITEM('color',(#2369),#15);
#2369 = PRESENTATION_STYLE_ASSIGNMENT((#2370,#2376));
#2370 = SURFACE_STYLE_USAGE(.BOTH.,#2371);
#2371 = SURFACE_SIDE_STYLE('',(#2372));
#2372 = SURFACE_STYLE_FILL_AREA(#2373);
#2373 = FILL_AREA_STYLE('',(#2374));
#2374 = FILL_AREA_STYLE_COLOUR('',#2375);
#2375 = COLOUR_RGB('',0.447059003357,0.474510015008,0.501960993452);
#2376 = CURVE_STYLE('',#2377,POSITIVE_LENGTH_MEASURE(0.1),#2378);
#2377 = DRAUGHTING_PRE_DEFINED_CURVE_FONT('continuous');
#2378 = COLOUR_RGB('',9.803921802644E-02,9.803921802644E-02,
  9.803921802644E-02);
ENDSEC;
END-ISO-10303-21;
